pair,a,b,a_d_eval,b_d_eval,ab_dev,ab_eval,ab_d_dev,ab_d_eval,category
1,61,101,-0.019983,-0.031408,0.819843,0.819597,-0.011217,0.004789,3
2,53,99,0.006709,0.001649,0.842568,0.836088,0.011509,0.021281,1
3,69,74,0.016882,0.003069,0.833937,0.841219,0.002878,0.026411,1
4,61,107,-0.019983,-0.005895,0.827353,0.811300,-0.003706,-0.003508,4
5,37,97,0.004839,0.005218,0.811887,0.812661,-0.019173,-0.002147,5
6,22,40,-0.010637,0.014760,0.824804,0.836129,-0.006256,0.021322,2
7,36,59,0.003693,0.026365,0.826662,0.828590,-0.004398,0.013782,1
8,28,37,-0.007593,0.004839,0.807212,0.802428,-0.023848,-0.012379,6
9,63,71,-0.002245,-0.017080,0.793264,0.786672,-0.037796,-0.028135,4
10,27,113,0.009823,-0.000887,0.824179,0.827643,-0.006880,0.012836,2
11,5,50,0.005346,0.033123,0.826777,0.830267,-0.004282,0.015460,1
12,59,72,0.026365,-0.011607,0.835037,0.832720,0.003978,0.017912,2
13,4,98,0.019507,-0.003523,0.840903,0.847694,0.009844,0.032886,2
14,74,91,0.003069,0.021488,0.831021,0.821823,-0.000039,0.007016,1
15,27,105,0.009823,-0.002044,0.819507,0.815889,-0.011552,0.001082,2
16,11,41,0.033611,0.002965,0.818703,0.824146,-0.012356,0.009338,1
17,88,100,0.011888,-0.007900,0.806240,0.816619,-0.024819,0.001811,2
18,5,88,0.005346,0.011888,0.826193,0.834361,-0.004866,0.019553,1
19,49,63,-0.003062,-0.002245,0.816027,0.808978,-0.015033,-0.005829,4
20,81,89,0.002912,0.008244,0.813426,0.809396,-0.017633,-0.005412,5
21,11,72,0.033611,-0.011607,0.810881,0.821054,-0.020179,0.006246,2
22,37,82,0.004839,-0.020654,0.822185,0.814188,-0.008875,-0.000619,6
23,35,41,0.013691,0.002965,0.815416,0.824868,-0.015644,0.010061,1
24,49,102,-0.003062,0.019463,0.798547,0.806658,-0.032512,-0.008150,6
25,64,92,-0.000552,-0.010799,0.814093,0.787122,-0.016966,-0.027686,4
26,72,82,-0.011607,-0.020654,0.811557,0.805544,-0.019503,-0.009264,4
27,82,109,-0.020654,-0.019073,0.800281,0.802209,-0.030779,-0.012599,4
28,29,102,-0.005577,0.019463,0.806500,0.820981,-0.024559,0.006173,2
29,2,68,-0.005941,0.006255,0.807847,0.806666,-0.023212,-0.008142,6
30,34,106,-0.013148,0.009577,0.822379,0.817451,-0.008680,0.002643,2
31,45,113,0.024382,-0.000887,0.817027,0.818114,-0.014032,0.003307,2
32,30,64,-0.014622,-0.000552,0.827420,0.811029,-0.003639,-0.003779,4
33,28,49,-0.007593,-0.003062,0.808310,0.811544,-0.022750,-0.003264,4
34,13,66,-0.006664,0.022908,0.809971,0.807910,-0.021089,-0.006898,6
35,53,80,0.006709,0.002970,0.837549,0.834550,0.006489,0.019742,1
36,64,79,-0.000552,0.023099,0.849211,0.839625,0.018151,0.024817,2
37,17,80,0.013967,0.002970,0.821494,0.815212,-0.009565,0.000404,1
38,28,62,-0.007593,0.006882,0.821165,0.817992,-0.009895,0.003184,2
39,18,104,-0.012891,-0.005039,0.816803,0.799085,-0.014256,-0.015722,4
40,40,90,0.014760,0.014796,0.823935,0.825445,-0.007125,0.010637,1
41,2,52,-0.005941,0.000693,0.801428,0.797880,-0.029632,-0.016928,6
42,17,115,0.013967,-0.001731,0.817223,0.816406,-0.013837,0.001599,2
43,26,52,0.019002,0.000693,0.825784,0.829544,-0.005275,0.014737,1
44,6,65,0.020078,-0.006419,0.857606,0.858999,0.026547,0.044192,2
45,32,62,0.005220,0.006882,0.826132,0.822025,-0.004928,0.007217,1
46,16,84,-0.001674,0.014212,0.815705,0.825533,-0.015355,0.010726,2
47,59,92,0.026365,-0.010799,0.803963,0.779634,-0.027097,-0.035174,6
48,22,68,-0.010637,0.006255,0.843007,0.847550,0.011948,0.032742,2
49,22,49,-0.010637,-0.003062,0.834989,0.825795,0.003929,0.010987,3
50,77,106,0.017635,0.009577,0.840449,0.846139,0.009390,0.031331,1
51,9,45,-0.017368,0.024382,0.818600,0.816917,-0.012460,0.002109,2
52,33,95,0.006727,0.018066,0.836560,0.830774,0.005500,0.015967,1
53,58,89,0.016628,0.008244,0.845580,0.842942,0.014521,0.028134,1
54,80,102,0.002970,0.019463,0.836187,0.841195,0.005128,0.026387,1
55,3,94,0.009414,0.012799,0.808118,0.825931,-0.022941,0.011123,1
56,32,74,0.005220,0.003069,0.827354,0.829060,-0.003706,0.014252,1
57,1,56,-0.005723,-0.021221,0.803338,0.808056,-0.027721,-0.006751,4
58,76,98,0.001505,-0.003523,0.799029,0.788906,-0.032030,-0.025902,6
59,55,107,0.023436,-0.005895,0.834515,0.838376,0.003456,0.023568,2
60,2,37,-0.005941,0.004839,0.822660,0.807144,-0.008399,-0.007664,6
61,75,104,0.026083,-0.005039,0.824907,0.824993,-0.006152,0.010185,2
62,50,105,0.033123,-0.002044,0.832495,0.830105,0.001435,0.015297,2
63,15,70,-0.027994,-0.020274,0.780523,0.772757,-0.050537,-0.042051,4
64,14,51,0.027748,-0.001188,0.824144,0.823121,-0.006915,0.008313,2
65,5,72,0.005346,-0.011607,0.832861,0.829293,0.001801,0.014486,2
66,9,58,-0.017368,0.016628,0.842252,0.836950,0.011192,0.022142,2
67,37,40,0.004839,0.014760,0.812425,0.814881,-0.018634,0.000073,1
68,64,65,-0.000552,-0.006419,0.829237,0.819896,-0.001822,0.005088,3
69,62,79,0.006882,0.023099,0.829912,0.819094,-0.001147,0.004286,1
70,10,64,-0.016388,-0.000552,0.837495,0.835605,0.006436,0.020797,3
71,0,71,-0.003296,-0.017080,0.813977,0.816373,-0.017082,0.001566,3
72,10,34,-0.016388,-0.013148,0.795156,0.799926,-0.035903,-0.014882,4
73,44,84,-0.002680,0.014212,0.824808,0.833746,-0.006252,0.018939,2
74,54,60,0.008613,0.008097,0.820960,0.830729,-0.010099,0.015922,1
75,76,81,0.001505,0.002912,0.781532,0.779676,-0.049528,-0.035132,5
76,55,57,0.023436,0.011728,0.839238,0.848522,0.008179,0.033715,1
77,20,64,0.000991,-0.000552,0.834045,0.833556,0.002986,0.018748,2
78,35,72,0.013691,-0.011607,0.825868,0.835367,-0.005192,0.020560,2
79,20,24,0.000991,0.004760,0.804061,0.803845,-0.026998,-0.010962,5
80,16,104,-0.001674,-0.005039,0.820717,0.822038,-0.010342,0.007231,3
81,58,66,0.016628,0.022908,0.841739,0.827289,0.010680,0.012482,1
82,19,37,0.005285,0.004839,0.841127,0.825339,0.010067,0.010531,1
83,35,118,0.013691,-0.010041,0.819817,0.811334,-0.011243,-0.003474,6
84,4,20,0.019507,0.000991,0.818818,0.808385,-0.012242,-0.006422,5
85,37,76,0.004839,0.001505,0.829074,0.813976,-0.001986,-0.000832,5
86,24,62,0.004760,0.006882,0.814946,0.810206,-0.016114,-0.004602,5
87,6,27,0.020078,0.009823,0.837554,0.840675,0.006494,0.025868,1
88,30,102,-0.014622,0.019463,0.814466,0.804165,-0.016594,-0.010643,6
89,6,94,0.020078,0.012799,0.841435,0.851312,0.010375,0.036504,1
90,12,58,0.012146,0.016628,0.823142,0.822830,-0.007918,0.008022,1
91,11,36,0.033611,0.003693,0.812827,0.835636,-0.018233,0.020829,1
92,20,99,0.000991,0.001649,0.826945,0.819398,-0.004114,0.004590,1
93,26,50,0.019002,0.033123,0.826198,0.822677,-0.004861,0.007869,1
94,27,74,0.009823,0.003069,0.817652,0.807679,-0.013408,-0.007129,5
95,5,118,0.005346,-0.010041,0.815505,0.821194,-0.015554,0.006387,2
96,54,103,0.008613,0.006873,0.833641,0.832481,0.002581,0.017673,1
97,8,13,-0.013188,-0.006664,0.794224,0.796761,-0.036836,-0.018047,4
98,14,71,0.027748,-0.017080,0.819095,0.835298,-0.011965,0.020490,2
99,43,110,0.011508,-0.019694,0.831093,0.829119,0.000033,0.014311,2
100,4,34,0.019507,-0.013148,0.810531,0.809813,-0.020529,-0.004995,6
101,84,116,0.014212,0.009918,0.846586,0.856897,0.015527,0.042089,1
102,53,108,0.006709,-0.016770,0.827765,0.826001,-0.003295,0.011194,2
103,22,91,-0.010637,0.021488,0.840131,0.837507,0.009071,0.022700,2
104,31,103,0.021045,0.006873,0.843014,0.844701,0.011954,0.029893,1
105,15,85,-0.027994,0.015116,0.801115,0.807545,-0.029945,-0.007263,6
106,9,88,-0.017368,0.011888,0.805996,0.806986,-0.025064,-0.007821,6
107,101,108,-0.031408,-0.016770,0.804514,0.804581,-0.026546,-0.010227,4
108,5,15,0.005346,-0.027994,0.798580,0.803173,-0.032479,-0.011634,6
109,7,40,0.008962,0.014760,0.831829,0.829268,0.000770,0.014461,1
110,73,98,0.009734,-0.003523,0.841172,0.839545,0.010112,0.024737,2
111,21,97,0.010554,0.005218,0.818502,0.821587,-0.012557,0.006779,1
112,64,89,-0.000552,0.008244,0.818457,0.814097,-0.012602,-0.000710,6
113,95,108,0.018066,-0.016770,0.829036,0.826048,-0.002024,0.011240,2
114,9,83,-0.017368,0.000395,0.814158,0.821955,-0.016902,0.007147,2
115,54,94,0.008613,0.012799,0.828993,0.836070,-0.002067,0.021263,1
116,17,100,0.013967,-0.007900,0.799914,0.811029,-0.031146,-0.003779,6
117,81,91,0.002912,0.021488,0.824073,0.807300,-0.006986,-0.007508,5
118,85,93,0.015116,-0.010365,0.836708,0.832510,0.005648,0.017702,2
119,20,81,0.000991,0.002912,0.805691,0.808894,-0.025369,-0.005914,5
120,14,61,0.027748,-0.019983,0.814994,0.821673,-0.016066,0.006865,2
121,0,50,-0.003296,0.033123,0.837928,0.841486,0.006869,0.026678,2
122,50,99,0.033123,0.001649,0.819691,0.817797,-0.011368,0.002989,1
123,46,65,0.015780,-0.006419,0.831560,0.836387,0.000500,0.021579,2
124,19,93,0.005285,-0.010365,0.831214,0.822016,0.000155,0.007208,2
125,18,55,-0.012891,0.023436,0.830321,0.831908,-0.000739,0.017101,2
126,14,92,0.027748,-0.010799,0.829365,0.819819,-0.001695,0.005011,2
127,21,82,0.010554,-0.020654,0.804181,0.797865,-0.026878,-0.016942,6
128,39,90,-0.011499,0.014796,0.843116,0.833663,0.012057,0.018855,2
129,5,6,0.005346,0.020078,0.867902,0.867944,0.036843,0.053136,1
130,16,31,-0.001674,0.021045,0.835157,0.843317,0.004097,0.028510,2
131,49,60,-0.003062,0.008097,0.813714,0.827224,-0.017346,0.012416,2
132,23,117,-0.008898,0.026925,0.830566,0.823878,-0.000493,0.009071,2
133,18,68,-0.012891,0.006255,0.836784,0.828633,0.005724,0.013825,2
134,101,119,-0.031408,0.006544,0.815191,0.832558,-0.015869,0.017750,2
135,67,75,0.002047,0.026083,0.843527,0.841583,0.012467,0.026775,1
136,17,66,0.013967,0.022908,0.824844,0.813763,-0.006215,-0.001044,5
137,66,100,0.022908,-0.007900,0.819404,0.821385,-0.011656,0.006577,2
138,23,107,-0.008898,-0.005895,0.823005,0.804483,-0.008055,-0.010324,4
139,24,61,0.004760,-0.019983,0.830892,0.820982,-0.000168,0.006174,2
140,48,76,-0.003508,0.001505,0.795890,0.794990,-0.035170,-0.019818,6
141,43,89,0.011508,0.008244,0.836699,0.824713,0.005639,0.009906,1
142,33,59,0.006727,0.026365,0.826473,0.815783,-0.004587,0.000975,1
143,21,99,0.010554,0.001649,0.829056,0.822233,-0.002004,0.007425,1
144,46,62,0.015780,0.006882,0.837931,0.827886,0.006872,0.013078,1
145,26,98,0.019002,-0.003523,0.841079,0.844037,0.010020,0.029229,2
146,70,76,-0.020274,0.001505,0.801480,0.799590,-0.029580,-0.015217,6
147,98,100,-0.003523,-0.007900,0.815736,0.820328,-0.015323,0.005521,3
148,25,54,-0.012052,0.008613,0.794050,0.810909,-0.037010,-0.003899,6
149,6,34,0.020078,-0.013148,0.834130,0.829774,0.003070,0.014966,2
150,35,81,0.013691,0.002912,0.826935,0.818279,-0.004124,0.003471,1
151,20,103,0.000991,0.006873,0.813477,0.819706,-0.017582,0.004898,1
152,20,96,0.000991,0.003381,0.832757,0.828253,0.001698,0.013445,1
153,36,79,0.003693,0.023099,0.825995,0.824524,-0.005064,0.009716,1
154,45,104,0.024382,-0.005039,0.833928,0.824808,0.002868,0.010000,2
155,9,22,-0.017368,-0.010637,0.838510,0.854296,0.007451,0.039488,3
156,6,54,0.020078,0.008613,0.848022,0.845369,0.016962,0.030561,1
157,11,16,0.033611,-0.001674,0.818516,0.825573,-0.012544,0.010765,2
158,56,90,-0.021221,0.014796,0.823633,0.822961,-0.007427,0.008153,2
159,55,108,0.023436,-0.016770,0.824741,0.828850,-0.006318,0.014042,2
160,4,7,0.019507,0.008962,0.855200,0.853237,0.024141,0.038429,1
161,11,104,0.033611,-0.005039,0.803420,0.806967,-0.027640,-0.007841,6
162,30,109,-0.014622,-0.019073,0.781031,0.776265,-0.050029,-0.038542,4
163,7,77,0.008962,0.017635,0.823696,0.830239,-0.007363,0.015431,1
164,10,115,-0.016388,-0.001731,0.816762,0.807401,-0.014298,-0.007407,4
165,3,52,0.009414,0.000693,0.822922,0.828950,-0.008138,0.014142,1
166,97,113,0.005218,-0.000887,0.824128,0.821866,-0.006931,0.007058,2
167,41,111,0.002965,0.030519,0.843620,0.835348,0.012561,0.020540,1
168,19,66,0.005285,0.022908,0.843976,0.833838,0.012917,0.019031,1
169,67,96,0.002047,0.003381,0.824181,0.806565,-0.006878,-0.008242,5
170,77,116,0.017635,0.009918,0.832540,0.849654,0.001480,0.034846,1
171,44,47,-0.002680,0.007649,0.830514,0.825668,-0.000545,0.010860,2
172,109,114,-0.019073,-0.004087,0.815866,0.812292,-0.015194,-0.002515,4
173,75,110,0.026083,-0.019694,0.821994,0.832221,-0.009065,0.017413,2
174,19,103,0.005285,0.006873,0.834398,0.831915,0.003338,0.017107,1
175,38,76,-0.009787,0.001505,0.799905,0.788488,-0.031154,-0.026320,6
176,45,109,0.024382,-0.019073,0.833267,0.830455,0.002207,0.015647,2
177,79,85,0.023099,0.015116,0.842554,0.845380,0.011494,0.030572,1
178,20,97,0.000991,0.005218,0.823532,0.822928,-0.007528,0.008120,1
179,60,81,0.008097,0.002912,0.814233,0.819138,-0.016826,0.004331,1
180,4,32,0.019507,0.005220,0.828302,0.823548,-0.002758,0.008740,1
181,6,92,0.020078,-0.010799,0.832134,0.829275,0.001075,0.014467,2
182,104,110,-0.005039,-0.019694,0.813035,0.812919,-0.018025,-0.001889,4
183,70,111,-0.020274,0.030519,0.828974,0.837249,-0.002085,0.022441,2
184,14,94,0.027748,0.012799,0.829836,0.841296,-0.001224,0.026488,1
185,13,58,-0.006664,0.016628,0.829270,0.833850,-0.001790,0.019043,2
186,21,115,0.010554,-0.001731,0.808788,0.804601,-0.022272,-0.010207,6
187,25,103,-0.012052,0.006873,0.811834,0.819705,-0.019226,0.004897,2
188,60,117,0.008097,0.026925,0.816602,0.833707,-0.014458,0.018899,1
189,35,56,0.013691,-0.021221,0.826694,0.827278,-0.004365,0.012470,2
190,9,21,-0.017368,0.010554,0.827639,0.824589,-0.003420,0.009782,2
191,0,119,-0.003296,0.006544,0.828967,0.818759,-0.002093,0.003952,2
192,4,97,0.019507,0.005218,0.830988,0.822279,-0.000071,0.007471,1
193,47,103,0.007649,0.006873,0.830609,0.827085,-0.000450,0.012277,1
194,21,70,0.010554,-0.020274,0.782004,0.791779,-0.049056,-0.023029,6
195,47,56,0.007649,-0.021221,0.818026,0.817346,-0.013034,0.002538,2
196,23,33,-0.008898,0.006727,0.815371,0.808282,-0.015688,-0.006526,6
197,1,36,-0.005723,0.003693,0.822088,0.834866,-0.008972,0.020059,2
198,13,49,-0.006664,-0.003062,0.809909,0.814377,-0.021151,-0.000430,4
199,33,75,0.006727,0.026083,0.829013,0.832894,-0.002047,0.018086,1
200,1,103,-0.005723,0.006873,0.829617,0.837225,-0.001443,0.022417,2
201,95,97,0.018066,0.005218,0.831403,0.832893,0.000343,0.018085,1
202,32,53,0.005220,0.006709,0.840624,0.842460,0.009565,0.027653,1
203,94,96,0.012799,0.003381,0.835230,0.837598,0.004171,0.022790,1
204,8,38,-0.013188,-0.009787,0.793728,0.793932,-0.037332,-0.020876,4
205,47,50,0.007649,0.033123,0.815072,0.834711,-0.015988,0.019903,1
206,57,89,0.011728,0.008244,0.831142,0.833843,0.000082,0.019035,1
207,64,85,-0.000552,0.015116,0.826992,0.820267,-0.004067,0.005459,2
208,81,119,0.002912,0.006544,0.824048,0.830027,-0.007012,0.015220,1
209,41,94,0.002965,0.012799,0.825700,0.838209,-0.005360,0.023401,1
210,7,9,0.008962,-0.017368,0.842919,0.830123,0.011860,0.015315,2
211,32,75,0.005220,0.026083,0.831065,0.831416,0.000006,0.016608,1
212,70,74,-0.020274,0.003069,0.819576,0.824463,-0.011483,0.009655,2
213,26,30,0.019002,-0.014622,0.807818,0.795057,-0.023242,-0.019750,6
214,71,105,-0.017080,-0.002044,0.792776,0.794545,-0.038284,-0.020263,4
215,22,106,-0.010637,0.009577,0.861773,0.862122,0.030713,0.047314,2
216,22,71,-0.010637,-0.017080,0.821285,0.833870,-0.009775,0.019062,3
217,22,98,-0.010637,-0.003523,0.831233,0.836769,0.000174,0.021961,3
218,56,68,-0.021221,0.006255,0.839694,0.828353,0.008635,0.013545,2
219,1,32,-0.005723,0.005220,0.808467,0.796081,-0.022592,-0.018726,6
220,65,94,-0.006419,0.012799,0.819812,0.826682,-0.011247,0.011874,2
221,31,111,0.021045,0.030519,0.856258,0.846630,0.025198,0.031822,1
222,6,38,0.020078,-0.009787,0.832502,0.830901,0.001442,0.016093,2
223,73,113,0.009734,-0.000887,0.812776,0.832684,-0.018283,0.017876,2
224,69,77,0.016882,0.017635,0.823182,0.834062,-0.007877,0.019255,1
225,56,92,-0.021221,-0.010799,0.798345,0.793736,-0.032714,-0.021071,4
226,0,61,-0.003296,-0.019983,0.805590,0.792474,-0.025469,-0.022333,4
227,67,97,0.002047,0.005218,0.841749,0.838898,0.010690,0.024091,1
228,56,116,-0.021221,0.009918,0.820957,0.828106,-0.010103,0.013298,2
229,11,94,0.033611,0.012799,0.814018,0.834245,-0.017042,0.019437,1
230,11,112,0.033611,0.017422,0.834808,0.833382,0.003748,0.018574,1
231,54,82,0.008613,-0.020654,0.830046,0.822676,-0.001014,0.007869,2
232,107,115,-0.005895,-0.001731,0.798639,0.792136,-0.032421,-0.022672,4
233,4,79,0.019507,0.023099,0.842781,0.841929,0.011722,0.027121,1
234,85,91,0.015116,0.021488,0.846425,0.855039,0.015365,0.040231,1
235,56,86,-0.021221,0.025986,0.816467,0.798803,-0.014592,-0.016005,6
236,94,110,0.012799,-0.019694,0.804024,0.790686,-0.027035,-0.024122,6
237,25,64,-0.012052,-0.000552,0.775227,0.793666,-0.055832,-0.021142,4
238,53,110,0.006709,-0.019694,0.801124,0.817140,-0.029936,0.002332,2
239,64,67,-0.000552,0.002047,0.818135,0.801885,-0.012925,-0.012922,6
240,105,107,-0.002044,-0.005895,0.819204,0.803901,-0.011855,-0.010907,4
241,23,68,-0.008898,0.006255,0.833837,0.829255,0.002778,0.014447,2
242,14,23,0.027748,-0.008898,0.820612,0.823310,-0.010447,0.008502,2
243,60,70,0.008097,-0.020274,0.782986,0.797834,-0.048073,-0.016973,6
244,36,102,0.003693,0.019463,0.811256,0.821012,-0.019804,0.006205,1
245,15,115,-0.027994,-0.001731,0.778921,0.766023,-0.052139,-0.048784,4
246,75,88,0.026083,0.011888,0.838014,0.833738,0.006954,0.018930,1
247,37,112,0.004839,0.017422,0.830725,0.831094,-0.000335,0.016286,1
248,40,107,0.014760,-0.005895,0.815280,0.823331,-0.015779,0.008523,2
249,41,43,0.002965,0.011508,0.845080,0.828683,0.014020,0.013876,1
250,13,59,-0.006664,0.026365,0.805579,0.829928,-0.025481,0.015120,2
251,60,97,0.008097,0.005218,0.808010,0.821766,-0.023049,0.006959,1
252,97,119,0.005218,0.006544,0.829390,0.826033,-0.001670,0.011225,1
253,69,104,0.016882,-0.005039,0.818427,0.822607,-0.012633,0.007799,2
254,73,118,0.009734,-0.010041,0.816995,0.805824,-0.014065,-0.008983,6
255,56,112,-0.021221,0.017422,0.834341,0.833861,0.003281,0.019053,2
256,103,105,0.006873,-0.002044,0.814927,0.821663,-0.016132,0.006856,2
257,27,64,0.009823,-0.000552,0.839176,0.832351,0.008116,0.017543,2
258,43,84,0.011508,0.014212,0.846032,0.844938,0.014973,0.030131,1
259,78,93,-0.008082,-0.010365,0.799440,0.816052,-0.031619,0.001244,3
260,16,85,-0.001674,0.015116,0.829734,0.835521,-0.001326,0.020713,2
261,28,35,-0.007593,0.013691,0.800388,0.790418,-0.030672,-0.024390,6
262,74,103,0.003069,0.006873,0.816411,0.830817,-0.014649,0.016009,1
263,59,119,0.026365,0.006544,0.848405,0.846065,0.017345,0.031257,1
264,7,35,0.008962,0.013691,0.839560,0.823510,0.008500,0.008703,1
265,4,26,0.019507,0.019002,0.827611,0.834784,-0.003449,0.019976,1
266,10,116,-0.016388,0.009918,0.807921,0.798844,-0.023138,-0.015964,6
267,27,88,0.009823,0.011888,0.830777,0.832474,-0.000282,0.017666,1
268,27,32,0.009823,0.005220,0.821595,0.823794,-0.009464,0.008986,1
269,27,112,0.009823,0.017422,0.830825,0.821163,-0.000235,0.006356,1
270,31,55,0.021045,0.023436,0.849652,0.855032,0.018592,0.040224,1
271,33,58,0.006727,0.016628,0.837807,0.827691,0.006747,0.012883,1
272,41,109,0.002965,-0.019073,0.809741,0.813380,-0.021318,-0.001427,6
273,106,115,0.009577,-0.001731,0.819008,0.805045,-0.012051,-0.009763,6
274,43,64,0.011508,-0.000552,0.847814,0.838345,0.016754,0.023537,2
275,76,119,0.001505,0.006544,0.806943,0.810245,-0.024117,-0.004562,5
276,32,39,0.005220,-0.011499,0.838843,0.829401,0.007783,0.014594,2
277,50,93,0.033123,-0.010365,0.829783,0.833538,-0.001276,0.018730,2
278,68,107,0.006255,-0.005895,0.838914,0.835082,0.007855,0.020274,2
279,41,91,0.002965,0.021488,0.850993,0.839544,0.019934,0.024736,1
280,47,77,0.007649,0.017635,0.810325,0.818879,-0.020734,0.004071,1
281,42,96,0.018088,0.003381,0.846704,0.833857,0.015645,0.019049,1
282,7,65,0.008962,-0.006419,0.823398,0.811508,-0.007662,-0.003300,6
283,76,84,0.001505,0.014212,0.786167,0.794079,-0.044892,-0.020729,5
284,69,101,0.016882,-0.031408,0.815283,0.813990,-0.015776,-0.000818,6
285,71,106,-0.017080,0.009577,0.815260,0.813145,-0.015799,-0.001663,6
286,73,101,0.009734,-0.031408,0.769206,0.757833,-0.061854,-0.056975,6
287,48,95,-0.003508,0.018066,0.857458,0.863234,0.026399,0.048427,2
288,33,99,0.006727,0.001649,0.814547,0.807848,-0.016512,-0.006960,5
289,31,72,0.021045,-0.011607,0.839599,0.838893,0.008540,0.024085,2
290,99,105,0.001649,-0.002044,0.814340,0.813808,-0.016719,-0.001000,6
291,28,99,-0.007593,0.001649,0.817344,0.817143,-0.013716,0.002335,2
292,83,104,0.000395,-0.005039,0.811683,0.810452,-0.019377,-0.004356,6
293,55,90,0.023436,0.014796,0.849043,0.860623,0.017984,0.045815,1
294,18,38,-0.012891,-0.009787,0.820964,0.816945,-0.010095,0.002137,3
295,22,76,-0.010637,0.001505,0.817412,0.833363,-0.013648,0.018556,2
296,45,74,0.024382,0.003069,0.838274,0.850698,0.007215,0.035890,1
297,79,105,0.023099,-0.002044,0.845486,0.844715,0.014427,0.029907,2
298,89,91,0.008244,0.021488,0.826610,0.836322,-0.004449,0.021515,1
299,8,44,-0.013188,-0.002680,0.788016,0.794110,-0.043043,-0.020697,4
300,10,91,-0.016388,0.021488,0.810371,0.815379,-0.020689,0.000571,2
301,25,35,-0.012052,0.013691,0.802195,0.806679,-0.028864,-0.008128,6
302,33,46,0.006727,0.015780,0.816020,0.809460,-0.015039,-0.005348,5
303,96,101,0.003381,-0.031408,0.823346,0.819462,-0.007714,0.004654,2
304,50,100,0.033123,-0.007900,0.810193,0.823072,-0.020867,0.008264,2
305,69,113,0.016882,-0.000887,0.798926,0.810564,-0.032133,-0.004243,6
306,43,77,0.011508,0.017635,0.840383,0.835350,0.009324,0.020542,1
307,59,70,0.026365,-0.020274,0.816479,0.798527,-0.014581,-0.016280,6
308,27,95,0.009823,0.018066,0.835578,0.827457,0.004518,0.012649,1
309,58,68,0.016628,0.006255,0.845275,0.836183,0.014215,0.021376,1
310,41,93,0.002965,-0.010365,0.833503,0.819753,0.002444,0.004946,2
311,75,90,0.026083,0.014796,0.837843,0.840350,0.006783,0.025543,1
312,37,101,0.004839,-0.031408,0.812895,0.821001,-0.018164,0.006193,2
313,62,109,0.006882,-0.019073,0.826958,0.823792,-0.004101,0.008984,2
314,1,53,-0.005723,0.006709,0.847030,0.847985,0.015970,0.033177,2
315,31,83,0.021045,0.000395,0.822509,0.825991,-0.008550,0.011183,1
316,20,66,0.000991,0.022908,0.814998,0.821687,-0.016061,0.006880,1
317,77,89,0.017635,0.008244,0.835417,0.833270,0.004357,0.018463,1
318,43,70,0.011508,-0.020274,0.829408,0.824561,-0.001651,0.009753,2
319,7,71,0.008962,-0.017080,0.834241,0.832588,0.003182,0.017781,2
320,6,63,0.020078,-0.002245,0.827543,0.828799,-0.003517,0.013991,2
321,57,87,0.011728,0.017718,0.820809,0.830715,-0.010251,0.015907,1
322,51,98,-0.001188,-0.003523,0.834878,0.817602,0.003818,0.002794,3
323,93,111,-0.010365,0.030519,0.835461,0.822776,0.004401,0.007968,2
324,60,66,0.008097,0.022908,0.828783,0.827152,-0.002276,0.012344,1
325,34,92,-0.013148,-0.010799,0.816257,0.825451,-0.014803,0.010644,3
326,106,116,0.009577,0.009918,0.844576,0.843118,0.013516,0.028310,1
327,21,53,0.010554,0.006709,0.835668,0.827417,0.004608,0.012609,1
328,98,108,-0.003523,-0.016770,0.821399,0.823834,-0.009661,0.009026,3
329,9,95,-0.017368,0.018066,0.826179,0.827936,-0.004880,0.013129,2
330,35,98,0.013691,-0.003523,0.847115,0.849899,0.016055,0.035091,2
331,47,83,0.007649,0.000395,0.781691,0.785109,-0.049368,-0.029699,5
332,21,54,0.010554,0.008613,0.836034,0.840950,0.004975,0.026142,1
333,8,78,-0.013188,-0.008082,0.797016,0.807816,-0.034043,-0.006992,4
334,97,103,0.005218,0.006873,0.837957,0.835137,0.006897,0.020329,1
335,18,77,-0.012891,0.017635,0.806299,0.800222,-0.024761,-0.014586,6
336,29,69,-0.005577,0.016882,0.830493,0.832007,-0.000566,0.017199,2
337,69,87,0.016882,0.017718,0.843408,0.841094,0.012348,0.026286,1
338,34,109,-0.013148,-0.019073,0.803659,0.802523,-0.027401,-0.012285,4
339,35,88,0.013691,0.011888,0.835057,0.830738,0.003997,0.015930,1
340,77,101,0.017635,-0.031408,0.808655,0.809223,-0.022404,-0.005585,6
341,86,112,0.025986,0.017422,0.846812,0.827826,0.015752,0.013018,1
342,11,54,0.033611,0.008613,0.812480,0.823004,-0.018580,0.008196,1
343,1,108,-0.005723,-0.016770,0.804774,0.803889,-0.026286,-0.010919,4
344,32,40,0.005220,0.014760,0.791845,0.784927,-0.039214,-0.029881,5
345,67,89,0.002047,0.008244,0.822694,0.821892,-0.008366,0.007084,1
346,43,74,0.011508,0.003069,0.823472,0.810695,-0.007587,-0.004113,5
347,8,43,-0.013188,0.011508,0.834963,0.829215,0.003904,0.014407,2
348,10,29,-0.016388,-0.005577,0.803232,0.802443,-0.027827,-0.012365,4
349,33,113,0.006727,-0.000887,0.807837,0.805459,-0.023223,-0.009349,6
350,46,59,0.015780,0.026365,0.827445,0.828229,-0.003614,0.013422,1
351,16,118,-0.001674,-0.010041,0.816609,0.810351,-0.014450,-0.004457,4
352,101,111,-0.031408,0.030519,0.808653,0.822905,-0.022406,0.008098,2
353,33,82,0.006727,-0.020654,0.796158,0.785753,-0.034901,-0.029055,6
354,35,52,0.013691,0.000693,0.831181,0.832198,0.000121,0.017390,1
355,22,50,-0.010637,0.033123,0.832582,0.826972,0.001523,0.012164,2
356,32,65,0.005220,-0.006419,0.834420,0.834220,0.003361,0.019412,2
357,79,96,0.023099,0.003381,0.848706,0.838033,0.017646,0.023226,1
358,47,116,0.007649,0.009918,0.832483,0.821179,0.001424,0.006371,1
359,60,65,0.008097,-0.006419,0.807147,0.821107,-0.023912,0.006299,2
360,3,113,0.009414,-0.000887,0.817274,0.814976,-0.013786,0.000169,2
361,59,111,0.026365,0.030519,0.838105,0.841944,0.007045,0.027136,1
362,18,81,-0.012891,0.002912,0.813190,0.795251,-0.017869,-0.019557,6
363,11,33,0.033611,0.006727,0.823894,0.820067,-0.007166,0.005260,1
364,7,67,0.008962,0.002047,0.824698,0.821720,-0.006361,0.006913,1
365,18,95,-0.012891,0.018066,0.833254,0.824477,0.002195,0.009669,2
366,78,85,-0.008082,0.015116,0.800592,0.811545,-0.030468,-0.003263,6
367,5,38,0.005346,-0.009787,0.827537,0.825030,-0.003522,0.010222,2
368,36,70,0.003693,-0.020274,0.815524,0.818166,-0.015535,0.003359,2
369,92,101,-0.010799,-0.031408,0.807262,0.793160,-0.023797,-0.021648,4
370,94,99,0.012799,0.001649,0.823531,0.824452,-0.007528,0.009644,1
371,105,108,-0.002044,-0.016770,0.798579,0.790810,-0.032481,-0.023998,4
372,22,113,-0.010637,-0.000887,0.807986,0.836971,-0.023074,0.022163,3
373,13,103,-0.006664,0.006873,0.823198,0.856350,-0.007862,0.041543,2
374,50,55,0.033123,0.023436,0.822749,0.836414,-0.008311,0.021607,1
375,42,55,0.018088,0.023436,0.850959,0.855727,0.019900,0.040920,1
376,25,44,-0.012052,-0.002680,0.790047,0.796900,-0.041013,-0.017907,4
377,48,63,-0.003508,-0.002245,0.828940,0.828040,-0.002119,0.013232,3
378,44,52,-0.002680,0.000693,0.805476,0.805417,-0.025583,-0.009391,6
379,18,40,-0.012891,0.014760,0.812410,0.820981,-0.018650,0.006173,2
380,52,79,0.000693,0.023099,0.825365,0.825085,-0.005694,0.010277,1
381,35,99,0.013691,0.001649,0.826152,0.819210,-0.004908,0.004402,1
382,60,103,0.008097,0.006873,0.830433,0.840027,-0.000627,0.025219,1
383,44,104,-0.002680,-0.005039,0.817036,0.810556,-0.014024,-0.004251,4
384,24,90,0.004760,0.014796,0.803136,0.800858,-0.027924,-0.013949,5
385,58,83,0.016628,0.000395,0.833757,0.823752,0.002697,0.008944,1
386,49,81,-0.003062,0.002912,0.828723,0.820469,-0.002337,0.005662,2
387,91,97,0.021488,0.005218,0.835105,0.838221,0.004046,0.023414,1
388,103,115,0.006873,-0.001731,0.815319,0.810225,-0.015740,-0.004583,6
389,19,27,0.005285,0.009823,0.837091,0.836076,0.006031,0.021268,1
390,81,95,0.002912,0.018066,0.840398,0.822438,0.009339,0.007630,1
391,8,76,-0.013188,0.001505,0.808706,0.804780,-0.022353,-0.010028,6
392,90,95,0.014796,0.018066,0.843156,0.855605,0.012097,0.040797,1
393,44,54,-0.002680,0.008613,0.838405,0.838591,0.007346,0.023783,2
394,5,35,0.005346,0.013691,0.823331,0.823012,-0.007729,0.008205,1
395,32,97,0.005220,0.005218,0.838609,0.842980,0.007549,0.028172,1
396,17,40,0.013967,0.014760,0.802002,0.813728,-0.029058,-0.001080,5
397,19,117,0.005285,0.026925,0.824373,0.823835,-0.006686,0.009027,1
398,73,99,0.009734,0.001649,0.829598,0.817549,-0.001461,0.002741,1
399,6,20,0.020078,0.000991,0.809297,0.806320,-0.021763,-0.008487,5
400,3,75,0.009414,0.026083,0.841359,0.854209,0.010299,0.039402,1
401,11,51,0.033611,-0.001188,0.828535,0.835210,-0.002524,0.020402,2
402,40,100,0.014760,-0.007900,0.787886,0.792522,-0.043174,-0.022286,6
403,75,118,0.026083,-0.010041,0.819992,0.825790,-0.011068,0.010982,2
404,110,112,-0.019694,0.017422,0.831925,0.838378,0.000866,0.023570,2
405,20,79,0.000991,0.023099,0.824912,0.822435,-0.006148,0.007628,1
406,85,95,0.015116,0.018066,0.835929,0.829485,0.004870,0.014677,1
407,39,80,-0.011499,0.002970,0.842615,0.834209,0.011556,0.019402,2
408,62,111,0.006882,0.030519,0.840182,0.834195,0.009122,0.019388,1
409,102,116,0.019463,0.009918,0.824610,0.833486,-0.006449,0.018678,1
410,18,36,-0.012891,0.003693,0.803304,0.799038,-0.027755,-0.015770,6
411,29,62,-0.005577,0.006882,0.796157,0.787128,-0.034903,-0.027680,6
412,54,59,0.008613,0.026365,0.822742,0.821478,-0.008318,0.006670,1
413,72,73,-0.011607,0.009734,0.825950,0.825836,-0.005109,0.011028,2
414,66,117,0.022908,0.026925,0.835666,0.832551,0.004606,0.017743,1
415,58,67,0.016628,0.002047,0.830673,0.826540,-0.000387,0.011732,1
416,67,81,0.002047,0.002912,0.808946,0.799024,-0.022114,-0.015784,5
417,27,109,0.009823,-0.019073,0.839063,0.836791,0.008003,0.021984,2
418,102,107,0.019463,-0.005895,0.816298,0.817708,-0.014761,0.002900,2
419,9,50,-0.017368,0.033123,0.826960,0.826331,-0.004100,0.011523,2
420,18,96,-0.012891,0.003381,0.831974,0.809825,0.000914,-0.004983,6
421,61,117,-0.019983,0.026925,0.828971,0.832001,-0.002088,0.017193,2
422,107,111,-0.005895,0.030519,0.825723,0.813512,-0.005336,-0.001296,6
423,0,10,-0.003296,-0.016388,0.819704,0.800043,-0.011355,-0.014765,4
424,46,109,0.015780,-0.019073,0.810813,0.812610,-0.020247,-0.002198,6
425,106,118,0.009577,-0.010041,0.823439,0.818909,-0.007621,0.004101,2
426,60,109,0.008097,-0.019073,0.817544,0.830608,-0.013516,0.015801,2
427,32,100,0.005220,-0.007900,0.805512,0.816052,-0.025548,0.001244,2
428,62,112,0.006882,0.017422,0.845901,0.845305,0.014842,0.030497,1
429,28,85,-0.007593,0.015116,0.810234,0.811404,-0.020825,-0.003403,6
430,85,101,0.015116,-0.031408,0.799686,0.805794,-0.031373,-0.009014,6
431,46,73,0.015780,0.009734,0.842255,0.851506,0.011196,0.036698,1
432,8,96,-0.013188,0.003381,0.821317,0.806083,-0.009742,-0.008724,6
433,31,100,0.021045,-0.007900,0.821103,0.809407,-0.009956,-0.005401,6
434,94,102,0.012799,0.019463,0.808026,0.833652,-0.023034,0.018844,1
435,8,88,-0.013188,0.011888,0.805743,0.804234,-0.025316,-0.010574,6
436,5,97,0.005346,0.005218,0.842025,0.843507,0.010965,0.028699,1
437,7,100,0.008962,-0.007900,0.831260,0.830878,0.000200,0.016070,2
438,5,71,0.005346,-0.017080,0.821067,0.825018,-0.009993,0.010210,2
439,94,111,0.012799,0.030519,0.833824,0.837664,0.002764,0.022856,1
440,31,86,0.021045,0.025986,0.857670,0.840817,0.026611,0.026009,1
441,51,115,-0.001188,-0.001731,0.828145,0.820979,-0.002915,0.006171,3
442,21,94,0.010554,0.012799,0.827704,0.828942,-0.003355,0.014135,1
443,9,115,-0.017368,-0.001731,0.827826,0.815980,-0.003234,0.001172,3
444,38,84,-0.009787,0.014212,0.818283,0.822110,-0.012776,0.007302,2
445,82,113,-0.020654,-0.000887,0.790719,0.794068,-0.040340,-0.020740,4
446,25,119,-0.012052,0.006544,0.811710,0.825523,-0.019349,0.010715,2
447,6,103,0.020078,0.006873,0.849501,0.860613,0.018441,0.045805,1
448,67,98,0.002047,-0.003523,0.837192,0.835781,0.006133,0.020973,2
449,1,95,-0.005723,0.018066,0.848563,0.847433,0.017503,0.032625,2
450,106,111,0.009577,0.030519,0.818745,0.810501,-0.012315,-0.004307,5
451,56,71,-0.021221,-0.017080,0.803884,0.801986,-0.027176,-0.012822,4
452,54,118,0.008613,-0.010041,0.818078,0.814733,-0.012981,-0.000075,6
453,83,90,0.000395,0.014796,0.810658,0.818108,-0.020402,0.003301,1
454,71,82,-0.017080,-0.020654,0.778427,0.784934,-0.052633,-0.029874,4
455,2,22,-0.005941,-0.010637,0.799374,0.811934,-0.031685,-0.002874,4
456,98,110,-0.003523,-0.019694,0.772721,0.778057,-0.058338,-0.036751,4
457,84,96,0.014212,0.003381,0.842194,0.839913,0.011134,0.025105,1
458,17,69,0.013967,0.016882,0.817743,0.820277,-0.013316,0.005470,1
459,95,118,0.018066,-0.010041,0.809148,0.801731,-0.021912,-0.013077,6
460,6,111,0.020078,0.030519,0.829149,0.842385,-0.001910,0.027577,1
461,7,50,0.008962,0.033123,0.845095,0.837801,0.014036,0.022994,1
462,51,106,-0.001188,0.009577,0.837870,0.822695,0.006810,0.007887,2
463,61,97,-0.019983,0.005218,0.823671,0.810954,-0.007388,-0.003853,6
464,26,83,0.019002,0.000395,0.833130,0.839691,0.002070,0.024883,1
465,22,35,-0.010637,0.013691,0.833247,0.838156,0.002187,0.023348,2
466,18,31,-0.012891,0.021045,0.835083,0.819835,0.004023,0.005028,2
467,79,114,0.023099,-0.004087,0.838473,0.829721,0.007413,0.014913,2
468,16,65,-0.001674,-0.006419,0.817225,0.812266,-0.013835,-0.002542,4
469,25,109,-0.012052,-0.019073,0.797306,0.813284,-0.033754,-0.001524,4
470,61,66,-0.019983,0.022908,0.841711,0.827962,0.010652,0.013154,2
471,30,85,-0.014622,0.015116,0.820452,0.817314,-0.010607,0.002507,2
472,54,101,0.008613,-0.031408,0.794983,0.806896,-0.036077,-0.007912,6
473,51,85,-0.001188,0.015116,0.827805,0.818434,-0.003254,0.003626,2
474,3,20,0.009414,0.000991,0.802959,0.819420,-0.028100,0.004612,1
475,21,30,0.010554,-0.014622,0.804693,0.800631,-0.026367,-0.014177,6
476,49,90,-0.003062,0.014796,0.838238,0.832784,0.007179,0.017977,2
477,55,56,0.023436,-0.021221,0.808424,0.818359,-0.022636,0.003552,2
478,83,115,0.000395,-0.001731,0.796394,0.791120,-0.034665,-0.023688,6
479,16,39,-0.001674,-0.011499,0.814429,0.808661,-0.016631,-0.006146,4
480,3,62,0.009414,0.006882,0.806434,0.817558,-0.024625,0.002750,1
481,39,104,-0.011499,-0.005039,0.826161,0.818646,-0.004899,0.003839,3
482,4,19,0.019507,0.005285,0.843482,0.831253,0.012423,0.016446,1
483,26,95,0.019002,0.018066,0.836312,0.845393,0.005252,0.030586,1
484,25,43,-0.012052,0.011508,0.822729,0.824585,-0.008330,0.009777,2
485,77,91,0.017635,0.021488,0.824015,0.820166,-0.007045,0.005358,1
486,37,55,0.004839,0.023436,0.834666,0.841657,0.003606,0.026849,1
487,84,97,0.014212,0.005218,0.808229,0.807955,-0.022831,-0.006853,5
488,24,50,0.004760,0.033123,0.810615,0.815630,-0.020445,0.000823,1
489,2,86,-0.005941,0.025986,0.829534,0.817647,-0.001526,0.002839,2
490,56,82,-0.021221,-0.020654,0.799167,0.791265,-0.031892,-0.023543,4
491,11,17,0.033611,0.013967,0.822865,0.835669,-0.008195,0.020861,1
492,21,71,0.010554,-0.017080,0.811055,0.815331,-0.020005,0.000523,2
493,11,47,0.033611,0.007649,0.829874,0.837702,-0.001186,0.022894,1
494,9,119,-0.017368,0.006544,0.840289,0.837224,0.009229,0.022416,2
495,32,115,0.005220,-0.001731,0.820588,0.805741,-0.010471,-0.009066,6
496,62,95,0.006882,0.018066,0.816748,0.812639,-0.014312,-0.002168,5
497,17,57,0.013967,0.011728,0.801404,0.807252,-0.029655,-0.007556,5
498,96,117,0.003381,0.026925,0.836909,0.827455,0.005850,0.012648,1
499,71,84,-0.017080,0.014212,0.811877,0.815599,-0.019183,0.000791,2
500,52,117,0.000693,0.026925,0.814492,0.824233,-0.016568,0.009425,1
501,44,114,-0.002680,-0.004087,0.827549,0.819975,-0.003510,0.005168,3
502,31,85,0.021045,0.015116,0.849242,0.853812,0.018183,0.039004,1
503,89,113,0.008244,-0.000887,0.797013,0.800893,-0.034047,-0.013915,6
504,11,106,0.033611,0.009577,0.837029,0.844841,0.005970,0.030034,1
505,18,83,-0.012891,0.000395,0.811318,0.809924,-0.019742,-0.004883,6
506,29,51,-0.005577,-0.001188,0.790280,0.774970,-0.040780,-0.039838,4
507,12,104,0.012146,-0.005039,0.809651,0.811218,-0.021408,-0.003590,6
508,10,82,-0.016388,-0.020654,0.793329,0.790910,-0.037731,-0.023897,4
509,21,117,0.010554,0.026925,0.824076,0.835925,-0.006984,0.021117,1
510,116,118,0.009918,-0.010041,0.796572,0.808709,-0.034488,-0.006099,6
511,46,114,0.015780,-0.004087,0.825934,0.805440,-0.005126,-0.009368,6
512,43,65,0.011508,-0.006419,0.827346,0.822932,-0.003714,0.008124,2
513,65,83,-0.006419,0.000395,0.807529,0.811921,-0.023530,-0.002887,6
514,52,77,0.000693,0.017635,0.819938,0.816872,-0.011122,0.002064,1
515,42,87,0.018088,0.017718,0.826003,0.811414,-0.005056,-0.003393,5
516,13,96,-0.006664,0.003381,0.826473,0.824406,-0.004587,0.009599,2
517,68,98,0.006255,-0.003523,0.832190,0.818275,0.001131,0.003468,2
518,58,92,0.016628,-0.010799,0.831095,0.823804,0.000035,0.008996,2
519,15,23,-0.027994,-0.008898,0.785624,0.800880,-0.045435,-0.013928,4
520,51,59,-0.001188,0.026365,0.842520,0.832181,0.011461,0.017373,2
521,18,119,-0.012891,0.006544,0.818780,0.814703,-0.012280,-0.000104,6
522,19,34,0.005285,-0.013148,0.827344,0.819672,-0.003715,0.004864,2
523,0,2,-0.003296,-0.005941,0.790913,0.806304,-0.040146,-0.008504,4
524,73,96,0.009734,0.003381,0.830264,0.825342,-0.000796,0.010534,1
525,12,47,0.012146,0.007649,0.807702,0.818869,-0.023358,0.004061,1
526,52,100,0.000693,-0.007900,0.814580,0.807884,-0.016479,-0.006924,6
527,12,69,0.012146,0.016882,0.808108,0.828125,-0.022951,0.013317,1
528,33,39,0.006727,-0.011499,0.814319,0.805979,-0.016741,-0.008829,6
529,47,78,0.007649,-0.008082,0.820349,0.824509,-0.010710,0.009701,2
530,51,71,-0.001188,-0.017080,0.805525,0.819419,-0.025534,0.004611,3
531,62,118,0.006882,-0.010041,0.798489,0.787855,-0.032570,-0.026953,6
532,58,111,0.016628,0.030519,0.854638,0.850207,0.023579,0.035400,1
533,103,108,0.006873,-0.016770,0.819645,0.817837,-0.011415,0.003030,2
534,50,57,0.033123,0.011728,0.822423,0.833171,-0.008637,0.018363,1
535,54,78,0.008613,-0.008082,0.829934,0.828424,-0.001126,0.013616,2
536,9,89,-0.017368,0.008244,0.820647,0.823954,-0.010413,0.009147,2
537,28,109,-0.007593,-0.019073,0.832678,0.832919,0.001618,0.018112,3
538,9,44,-0.017368,-0.002680,0.818936,0.813690,-0.012124,-0.001118,4
539,53,84,0.006709,0.014212,0.825880,0.837064,-0.005179,0.022256,1
540,53,114,0.006709,-0.004087,0.831623,0.824948,0.000564,0.010140,2
541,30,106,-0.014622,0.009577,0.828055,0.821316,-0.003004,0.006508,2
542,80,92,0.002970,-0.010799,0.820711,0.804400,-0.010349,-0.010408,6
543,15,60,-0.027994,0.008097,0.797314,0.815055,-0.033746,0.000247,2
544,24,99,0.004760,0.001649,0.816858,0.810513,-0.014202,-0.004295,5
545,51,57,-0.001188,0.011728,0.826425,0.825705,-0.004635,0.010897,2
546,16,89,-0.001674,0.008244,0.825365,0.827470,-0.005695,0.012662,2
547,12,50,0.012146,0.033123,0.817836,0.830263,-0.013223,0.015455,1
548,16,112,-0.001674,0.017422,0.836738,0.834260,0.005679,0.019453,2
549,15,119,-0.027994,0.006544,0.799962,0.804116,-0.031097,-0.010691,6
550,22,64,-0.010637,-0.000552,0.852790,0.842230,0.021731,0.027422,3
551,16,50,-0.001674,0.033123,0.822501,0.822995,-0.008559,0.008187,2
552,30,90,-0.014622,0.014796,0.833707,0.816408,0.002647,0.001600,2
553,41,49,0.002965,-0.003062,0.816389,0.806107,-0.014671,-0.008701,6
554,29,116,-0.005577,0.009918,0.828434,0.825955,-0.002625,0.011147,2
555,69,78,0.016882,-0.008082,0.831956,0.831959,0.000897,0.017151,2
556,27,87,0.009823,0.017718,0.837627,0.831154,0.006567,0.016346,1
557,0,44,-0.003296,-0.002680,0.800876,0.788950,-0.030183,-0.025858,4
558,39,100,-0.011499,-0.007900,0.813253,0.814401,-0.017807,-0.000406,4
559,29,74,-0.005577,0.003069,0.826891,0.816097,-0.004169,0.001289,2
560,16,43,-0.001674,0.011508,0.844210,0.841315,0.013150,0.026507,2
561,73,91,0.009734,0.021488,0.834857,0.847449,0.003797,0.032641,1
562,20,76,0.000991,0.001505,0.790973,0.789339,-0.040087,-0.025469,5
563,34,62,-0.013148,0.006882,0.785797,0.774956,-0.045262,-0.039852,6
564,44,105,-0.002680,-0.002044,0.836770,0.826828,0.005710,0.012020,3
565,2,78,-0.005941,-0.008082,0.785535,0.778557,-0.045525,-0.036251,4
566,51,87,-0.001188,0.017718,0.832031,0.819899,0.000972,0.005092,2
567,77,93,0.017635,-0.010365,0.829729,0.819184,-0.001331,0.004377,2
568,65,113,-0.006419,-0.000887,0.832763,0.835173,0.001703,0.020365,3
569,28,66,-0.007593,0.022908,0.824760,0.816423,-0.006299,0.001615,2
570,42,95,0.018088,0.018066,0.850920,0.848809,0.019860,0.034001,1
571,2,92,-0.005941,-0.010799,0.779595,0.767496,-0.051464,-0.047312,4
572,26,48,0.019002,-0.003508,0.852919,0.847094,0.021859,0.032287,2
573,8,62,-0.013188,0.006882,0.811271,0.808519,-0.019789,-0.006288,6
574,73,76,0.009734,0.001505,0.804262,0.796343,-0.026797,-0.018465,5
575,3,23,0.009414,-0.008898,0.807965,0.822615,-0.023095,0.007807,2
576,76,79,0.001505,0.023099,0.824688,0.826265,-0.006371,0.011457,1
577,30,46,-0.014622,0.015780,0.822976,0.819608,-0.008084,0.004800,2
578,59,90,0.026365,0.014796,0.846448,0.845742,0.015388,0.030934,1
579,4,66,0.019507,0.022908,0.843111,0.833929,0.012052,0.019122,1
580,77,100,0.017635,-0.007900,0.811222,0.809318,-0.019837,-0.005490,6
581,22,44,-0.010637,-0.002680,0.801829,0.819275,-0.029231,0.004468,3
582,51,79,-0.001188,0.023099,0.837844,0.838971,0.006785,0.024164,2
583,81,108,0.002912,-0.016770,0.822973,0.816297,-0.008087,0.001489,2
584,48,114,-0.003508,-0.004087,0.839326,0.829000,0.008266,0.014193,3
585,36,71,0.003693,-0.017080,0.808242,0.809178,-0.022818,-0.005629,6
586,0,8,-0.003296,-0.013188,0.828834,0.824241,-0.002226,0.009433,3
587,35,110,0.013691,-0.019694,0.821614,0.833016,-0.009445,0.018209,2
588,21,78,0.010554,-0.008082,0.809895,0.815037,-0.021165,0.000229,2
589,41,64,0.002965,-0.000552,0.833848,0.828715,0.002789,0.013907,2
590,19,82,0.005285,-0.020654,0.801312,0.794933,-0.029748,-0.019875,6
591,62,114,0.006882,-0.004087,0.829484,0.813003,-0.001576,-0.001805,6
592,4,63,0.019507,-0.002245,0.819254,0.825347,-0.011805,0.010540,2
593,2,65,-0.005941,-0.006419,0.801611,0.804992,-0.029449,-0.009816,4
594,113,118,-0.000887,-0.010041,0.792148,0.785111,-0.038911,-0.029697,4
595,34,41,-0.013148,0.002965,0.827302,0.817929,-0.003757,0.003121,2
596,51,99,-0.001188,0.001649,0.826556,0.824944,-0.004504,0.010136,2
597,4,30,0.019507,-0.014622,0.809081,0.805109,-0.021979,-0.009699,6
598,17,62,0.013967,0.006882,0.809530,0.799408,-0.021529,-0.015400,5
599,30,97,-0.014622,0.005218,0.808059,0.798998,-0.023001,-0.015810,6
600,9,19,-0.017368,0.005285,0.820806,0.811965,-0.010254,-0.002843,6
601,97,102,0.005218,0.019463,0.793134,0.813871,-0.037925,-0.000937,5
602,37,118,0.004839,-0.010041,0.810754,0.805113,-0.020306,-0.009695,6
603,1,45,-0.005723,0.024382,0.821631,0.835904,-0.009428,0.021096,2
604,27,90,0.009823,0.014796,0.828340,0.825113,-0.002720,0.010305,1
605,8,9,-0.013188,-0.017368,0.810836,0.813293,-0.020223,-0.001515,4
606,38,52,-0.009787,0.000693,0.810499,0.809754,-0.020560,-0.005054,6
607,23,103,-0.008898,0.006873,0.836427,0.836763,0.005368,0.021955,2
608,1,25,-0.005723,-0.012052,0.795527,0.790229,-0.035532,-0.024579,4
609,43,102,0.011508,0.019463,0.841993,0.832583,0.010934,0.017776,1
610,100,116,-0.007900,0.009918,0.824793,0.828481,-0.006266,0.013674,2
611,13,34,-0.006664,-0.013148,0.800666,0.794498,-0.030393,-0.020310,4
612,52,65,0.000693,-0.006419,0.815137,0.812211,-0.015923,-0.002596,6
613,55,70,0.023436,-0.020274,0.814517,0.819275,-0.016542,0.004467,2
614,114,116,-0.004087,0.009918,0.828149,0.833375,-0.002910,0.018567,2
615,18,87,-0.012891,0.017718,0.817127,0.805600,-0.013933,-0.009208,6
616,55,65,0.023436,-0.006419,0.826816,0.839232,-0.004244,0.024424,2
617,3,115,0.009414,-0.001731,0.813272,0.816443,-0.017788,0.001635,2
618,13,79,-0.006664,0.023099,0.809914,0.820833,-0.021146,0.006025,2
619,60,82,0.008097,-0.020654,0.794659,0.794966,-0.036400,-0.019842,6
620,65,82,-0.006419,-0.020654,0.813958,0.804313,-0.017101,-0.010495,4
621,37,70,0.004839,-0.020274,0.811242,0.807681,-0.019817,-0.007127,6
622,5,66,0.005346,0.022908,0.825397,0.824672,-0.005662,0.009864,1
623,56,97,-0.021221,0.005218,0.818894,0.812467,-0.012165,-0.002340,6
624,108,114,-0.016770,-0.004087,0.815429,0.796472,-0.015630,-0.018336,4
625,4,65,0.019507,-0.006419,0.808118,0.801184,-0.022942,-0.013624,6
626,63,87,-0.002245,0.017718,0.818516,0.823010,-0.012543,0.008202,2
627,11,59,0.033611,0.026365,0.809901,0.808676,-0.021159,-0.006132,5
628,5,83,0.005346,0.000395,0.815076,0.824876,-0.015984,0.010068,1
629,17,75,0.013967,0.026083,0.825669,0.825042,-0.005390,0.010234,1
630,89,101,0.008244,-0.031408,0.818415,0.813291,-0.012645,-0.001517,6
631,17,94,0.013967,0.012799,0.818684,0.824468,-0.012375,0.009661,1
632,1,73,-0.005723,0.009734,0.830615,0.830226,-0.000445,0.015418,2
633,44,79,-0.002680,0.023099,0.829346,0.834187,-0.001713,0.019379,2
634,8,47,-0.013188,0.007649,0.820628,0.811763,-0.010431,-0.003044,6
635,1,96,-0.005723,0.003381,0.818958,0.811580,-0.012102,-0.003228,6
636,43,100,0.011508,-0.007900,0.823848,0.814123,-0.007212,-0.000684,6
637,37,99,0.004839,0.001649,0.825432,0.822104,-0.005627,0.007297,1
638,52,62,0.000693,0.006882,0.808118,0.814452,-0.022941,-0.000356,5
639,24,68,0.004760,0.006255,0.826600,0.820706,-0.004459,0.005899,1
640,33,38,0.006727,-0.009787,0.823263,0.814455,-0.007797,-0.000353,6
641,12,56,0.012146,-0.021221,0.806417,0.807479,-0.024642,-0.007329,6
642,49,84,-0.003062,0.014212,0.839946,0.849205,0.008887,0.034397,2
643,9,72,-0.017368,-0.011607,0.839642,0.839833,0.008583,0.025025,3
644,33,40,0.006727,0.014760,0.801397,0.795668,-0.029662,-0.019140,5
645,0,20,-0.003296,0.000991,0.829854,0.832515,-0.001206,0.017708,2
646,44,56,-0.002680,-0.021221,0.803893,0.811195,-0.027167,-0.003613,4
647,109,118,-0.019073,-0.010041,0.799569,0.805435,-0.031490,-0.009373,4
648,89,93,0.008244,-0.010365,0.825899,0.825510,-0.005160,0.010702,2
649,47,112,0.007649,0.017422,0.838872,0.838787,0.007812,0.023979,1
650,41,48,0.002965,-0.003508,0.842348,0.837187,0.011289,0.022379,2
651,64,112,-0.000552,0.017422,0.828559,0.827728,-0.002500,0.012920,2
652,99,103,0.001649,0.006873,0.820962,0.825304,-0.010097,0.010496,1
653,31,74,0.021045,0.003069,0.849604,0.849589,0.018544,0.034782,1
654,23,25,-0.008898,-0.012052,0.813261,0.809800,-0.017798,-0.005007,4
655,94,115,0.012799,-0.001731,0.802021,0.795011,-0.029038,-0.019797,6
656,73,93,0.009734,-0.010365,0.833816,0.828041,0.002756,0.013233,2
657,11,62,0.033611,0.006882,0.820738,0.822224,-0.010321,0.007416,1
658,10,114,-0.016388,-0.004087,0.805925,0.803493,-0.025134,-0.011315,4
659,26,56,0.019002,-0.021221,0.820240,0.825992,-0.010820,0.011184,2
660,82,103,-0.020654,0.006873,0.815174,0.815778,-0.015886,0.000970,2
661,12,71,0.012146,-0.017080,0.806137,0.819201,-0.024923,0.004393,2
662,8,16,-0.013188,-0.001674,0.808004,0.823342,-0.023056,0.008535,3
663,84,98,0.014212,-0.003523,0.826350,0.829824,-0.004710,0.015016,2
664,9,16,-0.017368,-0.001674,0.833108,0.833455,0.002049,0.018647,3
665,34,59,-0.013148,0.026365,0.826089,0.814934,-0.004971,0.000126,2
666,17,72,0.013967,-0.011607,0.801242,0.809821,-0.029817,-0.004987,6
667,42,84,0.018088,0.014212,0.811771,0.826601,-0.019289,0.011794,1
668,43,75,0.011508,0.026083,0.853284,0.851057,0.022225,0.036249,1
669,82,85,-0.020654,0.015116,0.803283,0.809517,-0.027777,-0.005291,6
670,50,85,0.033123,0.015116,0.812348,0.838561,-0.018712,0.023753,1
671,86,106,0.025986,0.009577,0.855383,0.838260,0.024323,0.023452,1
672,25,112,-0.012052,0.017422,0.822199,0.826987,-0.008860,0.012179,2
673,55,80,0.023436,0.002970,0.823859,0.816403,-0.007200,0.001595,1
674,16,48,-0.001674,-0.003508,0.827591,0.833111,-0.003469,0.018303,3
675,79,118,0.023099,-0.010041,0.802606,0.803039,-0.028453,-0.011769,6
676,55,116,0.023436,0.009918,0.850038,0.852829,0.018979,0.038021,1
677,29,68,-0.005577,0.006255,0.829685,0.819508,-0.001374,0.004700,2
678,29,33,-0.005577,0.006727,0.828375,0.814671,-0.002684,-0.000137,6
679,59,118,0.026365,-0.010041,0.812769,0.803623,-0.018291,-0.011185,6
680,16,26,-0.001674,0.019002,0.841605,0.842751,0.010546,0.027943,2
681,46,68,0.015780,0.006255,0.836923,0.834473,0.005864,0.019665,1
682,37,43,0.004839,0.011508,0.839454,0.833570,0.008394,0.018762,1
683,70,109,-0.020274,-0.019073,0.792938,0.796080,-0.038122,-0.018728,4
684,27,56,0.009823,-0.021221,0.816717,0.811177,-0.014342,-0.003631,6
685,4,37,0.019507,0.004839,0.829981,0.826897,-0.001079,0.012089,1
686,80,96,0.002970,0.003381,0.819975,0.800398,-0.011084,-0.014409,5
687,74,113,0.003069,-0.000887,0.816051,0.829784,-0.015009,0.014976,2
688,51,65,-0.001188,-0.006419,0.835458,0.823030,0.004398,0.008222,3
689,59,83,0.026365,0.000395,0.801890,0.799310,-0.029170,-0.015497,5
690,15,68,-0.027994,0.006255,0.801249,0.802102,-0.029810,-0.012706,6
691,31,34,0.021045,-0.013148,0.837857,0.818101,0.006798,0.003294,2
692,26,41,0.019002,0.002965,0.836311,0.838513,0.005251,0.023706,1
693,109,115,-0.019073,-0.001731,0.808207,0.808268,-0.022852,-0.006539,4
694,98,119,-0.003523,0.006544,0.832859,0.838570,0.001800,0.023762,2
695,72,84,-0.011607,0.014212,0.833102,0.839480,0.002042,0.024672,2
696,112,116,0.017422,0.009918,0.832826,0.836332,0.001766,0.021525,1
697,13,73,-0.006664,0.009734,0.826259,0.840383,-0.004800,0.025575,2
698,1,15,-0.005723,-0.027994,0.794090,0.788807,-0.036970,-0.026000,4
699,71,119,-0.017080,0.006544,0.819970,0.828833,-0.011090,0.014025,2
700,6,44,0.020078,-0.002680,0.843669,0.844278,0.012610,0.029470,2
701,6,102,0.020078,0.019463,0.856126,0.864282,0.025066,0.049474,1
702,5,113,0.005346,-0.000887,0.823153,0.836398,-0.007907,0.021590,2
703,14,55,0.027748,0.023436,0.846571,0.863874,0.015512,0.049066,1
704,74,92,0.003069,-0.010799,0.818447,0.808524,-0.012612,-0.006284,6
705,87,92,0.017718,-0.010799,0.835099,0.818447,0.004040,0.003639,2
706,46,78,0.015780,-0.008082,0.808037,0.811059,-0.023023,-0.003749,6
707,105,110,-0.002044,-0.019694,0.800668,0.798749,-0.030392,-0.016059,4
708,91,112,0.021488,0.017422,0.827874,0.830194,-0.003186,0.015386,1
709,83,84,0.000395,0.014212,0.795903,0.813333,-0.035156,-0.001475,5
710,22,38,-0.010637,-0.009787,0.824370,0.818204,-0.006690,0.003397,3
711,39,54,-0.011499,0.008613,0.836431,0.816163,0.005372,0.001355,2
712,5,14,0.005346,0.027748,0.820467,0.830880,-0.010593,0.016073,1
713,5,67,0.005346,0.002047,0.824381,0.833026,-0.006679,0.018218,1
714,44,107,-0.002680,-0.005895,0.833089,0.824522,0.002029,0.009714,3
715,33,73,0.006727,0.009734,0.829163,0.832133,-0.001896,0.017325,1
716,31,56,0.021045,-0.021221,0.833542,0.824017,0.002483,0.009209,2
717,16,21,-0.001674,0.010554,0.803294,0.812565,-0.027766,-0.002242,6
718,67,116,0.002047,0.009918,0.830354,0.826753,-0.000706,0.011946,1
719,25,114,-0.012052,-0.004087,0.804159,0.811559,-0.026901,-0.003249,4
720,60,114,0.008097,-0.004087,0.821464,0.824608,-0.009595,0.009800,2
721,39,111,-0.011499,0.030519,0.833502,0.833819,0.002442,0.019011,2
722,26,113,0.019002,-0.000887,0.810633,0.811926,-0.020426,-0.002882,6
723,4,16,0.019507,-0.001674,0.834452,0.837892,0.003392,0.023084,2
724,46,54,0.015780,0.008613,0.840089,0.836427,0.009029,0.021620,1
725,88,118,0.011888,-0.010041,0.793121,0.804610,-0.037939,-0.010198,6
726,0,36,-0.003296,0.003693,0.829968,0.826653,-0.001091,0.011845,2
727,36,113,0.003693,-0.000887,0.805774,0.832663,-0.025286,0.017856,2
728,5,63,0.005346,-0.002245,0.809107,0.806759,-0.021953,-0.008049,6
729,90,98,0.014796,-0.003523,0.842829,0.848250,0.011769,0.033442,2
730,31,62,0.021045,0.006882,0.842612,0.831946,0.011552,0.017138,1
731,21,67,0.010554,0.002047,0.815667,0.814671,-0.015393,-0.000137,5
732,48,94,-0.003508,0.012799,0.827091,0.834731,-0.003968,0.019923,2
733,10,112,-0.016388,0.017422,0.816065,0.811940,-0.014995,-0.002867,6
734,22,82,-0.010637,-0.020654,0.830243,0.832713,-0.000816,0.017905,3
735,37,98,0.004839,-0.003523,0.833464,0.828414,0.002405,0.013606,2
736,83,91,0.000395,0.021488,0.814503,0.822804,-0.016556,0.007996,1
737,22,59,-0.010637,0.026365,0.842146,0.827963,0.011087,0.013155,2
738,26,96,0.019002,0.003381,0.849494,0.840754,0.018435,0.025946,1
739,55,63,0.023436,-0.002245,0.806466,0.819168,-0.024593,0.004360,2
740,55,79,0.023436,0.023099,0.838996,0.839447,0.007937,0.024639,1
741,47,53,0.007649,0.006709,0.851445,0.854382,0.020386,0.039574,1
742,19,51,0.005285,-0.001188,0.846378,0.823336,0.015319,0.008528,2
743,56,80,-0.021221,0.002970,0.806640,0.785014,-0.024420,-0.029794,6
744,9,103,-0.017368,0.006873,0.813427,0.807478,-0.017633,-0.007330,6
745,95,100,0.018066,-0.007900,0.836807,0.841515,0.005747,0.026707,2
746,75,101,0.026083,-0.031408,0.819708,0.817619,-0.011351,0.002811,2
747,12,99,0.012146,0.001649,0.807718,0.813852,-0.023342,-0.000956,5
748,23,53,-0.008898,0.006709,0.832977,0.836474,0.001917,0.021666,2
749,24,87,0.004760,0.017718,0.813998,0.816397,-0.017062,0.001590,1
750,27,36,0.009823,0.003693,0.835211,0.831499,0.004151,0.016691,1
751,6,23,0.020078,-0.008898,0.852916,0.851200,0.021856,0.036392,2
752,22,70,-0.010637,-0.020274,0.817780,0.812459,-0.013280,-0.002349,4
753,23,110,-0.008898,-0.019694,0.778611,0.790589,-0.052448,-0.024219,4
754,69,99,0.016882,0.001649,0.823845,0.830138,-0.007214,0.015330,1
755,22,26,-0.010637,0.019002,0.852309,0.852818,0.021250,0.038010,2
756,13,53,-0.006664,0.006709,0.808513,0.837349,-0.022547,0.022541,2
757,16,114,-0.001674,-0.004087,0.829917,0.822127,-0.001142,0.007319,3
758,14,34,0.027748,-0.013148,0.822836,0.822431,-0.008223,0.007623,2
759,14,16,0.027748,-0.001674,0.831767,0.836293,0.000708,0.021485,2
760,3,79,0.009414,0.023099,0.831367,0.841144,0.000308,0.026336,1
761,21,91,0.010554,0.021488,0.835663,0.826382,0.004604,0.011574,1
762,5,91,0.005346,0.021488,0.809959,0.819747,-0.021101,0.004939,1
763,8,48,-0.013188,-0.003508,0.803696,0.831829,-0.027364,0.017021,3
764,6,28,0.020078,-0.007593,0.825872,0.830335,-0.005187,0.015527,2
765,0,84,-0.003296,0.014212,0.821340,0.821677,-0.009720,0.006870,2
766,3,95,0.009414,0.018066,0.834299,0.833340,0.003239,0.018532,1
767,60,72,0.008097,-0.011607,0.814736,0.829937,-0.016324,0.015129,2
768,96,106,0.003381,0.009577,0.847489,0.834871,0.016429,0.020063,1
769,30,55,-0.014622,0.023436,0.842647,0.841797,0.011588,0.026989,2
770,29,97,-0.005577,0.005218,0.824353,0.814698,-0.006706,-0.000110,6
771,25,42,-0.012052,0.018088,0.798699,0.807148,-0.032361,-0.007660,6
772,16,68,-0.001674,0.006255,0.838252,0.833712,0.007192,0.018904,2
773,54,79,0.008613,0.023099,0.839022,0.828309,0.007962,0.013501,1
774,12,30,0.012146,-0.014622,0.801177,0.795921,-0.029882,-0.018887,6
775,59,97,0.026365,0.005218,0.819648,0.803914,-0.011412,-0.010894,5
776,22,99,-0.010637,0.001649,0.839036,0.827304,0.007976,0.012496,2
777,12,49,0.012146,-0.003062,0.801729,0.802817,-0.029331,-0.011991,6
778,1,7,-0.005723,0.008962,0.828638,0.817496,-0.002422,0.002688,2
779,0,57,-0.003296,0.011728,0.831188,0.839386,0.000129,0.024578,2
780,80,85,0.002970,0.015116,0.845446,0.839975,0.014386,0.025167,1
781,76,90,0.001505,0.014796,0.805433,0.806940,-0.025627,-0.007868,5
782,34,97,-0.013148,0.005218,0.802897,0.801014,-0.028162,-0.013794,6
783,86,93,0.025986,-0.010365,0.838244,0.823449,0.007184,0.008641,2
784,19,112,0.005285,0.017422,0.848770,0.838278,0.017711,0.023471,1
785,64,87,-0.000552,0.017718,0.846017,0.829664,0.014957,0.014856,2
786,25,36,-0.012052,0.003693,0.805430,0.820196,-0.025629,0.005388,2
787,35,50,0.013691,0.033123,0.838544,0.844194,0.007484,0.029386,1
788,49,56,-0.003062,-0.021221,0.816184,0.813253,-0.014876,-0.001555,4
789,43,60,0.011508,0.008097,0.836326,0.836496,0.005267,0.021688,1
790,16,67,-0.001674,0.002047,0.813010,0.829843,-0.018050,0.015035,2
791,68,90,0.006255,0.014796,0.844065,0.840059,0.013005,0.025251,1
792,6,98,0.020078,-0.003523,0.840120,0.843220,0.009060,0.028413,2
793,109,116,-0.019073,0.009918,0.821740,0.824688,-0.009319,0.009880,2
794,95,113,0.018066,-0.000887,0.826892,0.833088,-0.004167,0.018280,2
795,24,118,0.004760,-0.010041,0.788462,0.784220,-0.042598,-0.030588,6
796,39,65,-0.011499,-0.006419,0.830908,0.825169,-0.000151,0.010361,3
797,96,108,0.003381,-0.016770,0.814900,0.803626,-0.016159,-0.011182,6
798,62,82,0.006882,-0.020654,0.805950,0.801181,-0.025110,-0.013627,6
799,1,8,-0.005723,-0.013188,0.811254,0.810316,-0.019806,-0.004492,4
800,31,78,0.021045,-0.008082,0.836762,0.839202,0.005703,0.024394,2
801,12,72,0.012146,-0.011607,0.819465,0.826002,-0.011594,0.011194,2
802,12,59,0.012146,0.026365,0.808487,0.819488,-0.022573,0.004680,1
803,8,54,-0.013188,0.008613,0.822758,0.820473,-0.008302,0.005665,2
804,47,81,0.007649,0.002912,0.829458,0.816056,-0.001602,0.001248,1
805,62,67,0.006882,0.002047,0.814824,0.802452,-0.016236,-0.012356,5
806,59,85,0.026365,0.015116,0.844478,0.838073,0.013419,0.023266,1
807,93,119,-0.010365,0.006544,0.815028,0.822531,-0.016032,0.007723,2
808,80,82,0.002970,-0.020654,0.812524,0.807070,-0.018535,-0.007738,6
809,22,23,-0.010637,-0.008898,0.815239,0.821250,-0.015820,0.006442,3
810,50,56,0.033123,-0.021221,0.810228,0.817602,-0.020831,0.002795,2
811,7,39,0.008962,-0.011499,0.823492,0.815117,-0.007568,0.000309,2
812,56,103,-0.021221,0.006873,0.815239,0.815204,-0.015820,0.000396,2
813,79,106,0.023099,0.009577,0.851563,0.851469,0.020504,0.036661,1
814,30,35,-0.014622,0.013691,0.809171,0.788037,-0.021889,-0.026771,6
