dataset,auroc,accuracy,tpr_at_fpr,fpr,arch,run,arm,n_kept,n_dropped,n_excluded,init_seed
mean,0.8063436718411592,0.7006630749314651,0.1738265306122449,0.01,attention,far_s101,far,662,74,142,101
mean,0.8102092674083182,0.7100336739173282,0.1920678271308523,0.01,attention,far_s202,far,662,74,142,202
mean,0.8178018248114596,0.7113876408772464,0.11875,0.01,attention,far_s303,far,662,74,142,303
mean,0.8106797327862966,0.7056095796527566,0.08875,0.01,attention,far_s404,far,662,74,142,404
mean,0.8066067281235489,0.7018689080109656,0.08875,0.01,attention,far_s42,far,662,74,142,42
mean,0.8151764736810643,0.7018782363691746,0.1981932773109243,0.01,attention,far_s505,far,662,74,142,505
mean,0.8115303280732801,0.7063042567773378,0.1715816326530612,0.01,attention,far_s606,far,662,74,142,606
mean,0.8079159902933823,0.7074223047427926,0.08625,0.01,attention,far_s707,far,662,74,142,707
mean,0.8116328899230506,0.707482653509165,0.0875,0.01,attention,far_s808,far,662,74,142,808
mean,0.8166953871265161,0.7107209488272921,0.09,0.01,attention,far_s909,far,662,74,142,909
mean,0.8121413087657627,0.699977726165093,0.1914795918367346,0.01,attention,full_s101,full,736,0,142,101
mean,0.8246486123131563,0.6999870545233018,0.115,0.01,attention,full_s202,full,736,0,142,202
mean,0.8218661667043258,0.6950057112397199,0.1964285714285714,0.01,attention,full_s303,full,736,0,142,303
mean,0.8136344841571895,0.6962625647273835,0.1740816326530612,0.01,attention,full_s404,full,736,0,142,404
mean,0.8194838250187426,0.7050194182150473,0.1991326530612244,0.01,attention,full_s42,full,736,0,142,42
mean,0.8060563111023329,0.696852726165093,0.1549744897959183,0.01,attention,full_s505,full,736,0,142,505
mean,0.8196686329953715,0.7031282363691745,0.2002806122448979,0.01,attention,full_s606,full,736,0,142,606
mean,0.8145888797950027,0.7024939080109656,0.1927806122448979,0.01,attention,full_s707,full,736,0,142,707
mean,0.8222904835247256,0.7025635851355467,0.1876785714285714,0.01,attention,full_s808,full,736,0,142,808
mean,0.8154407645166057,0.6962022159610113,0.1652295918367347,0.01,attention,full_s909,full,736,0,142,909
mean,0.8162163079506338,0.7075542567773377,0.215484693877551,0.01,attention,neardraw_d0_s42,neardraw,662,74,142,42
mean,0.8149504944331089,0.6951170804142552,0.09625,0.01,attention,neardraw_d1_s42,neardraw,662,74,142,42
mean,0.8297032966130561,0.717507614986293,0.1075,0.01,attention,neardraw_d2_s42,neardraw,662,74,142,42
mean,0.8088703316944683,0.6974870545233018,0.1825765306122449,0.01,attention,neardraw_d3_s42,neardraw,662,74,142,42
mean,0.8147140974630012,0.7006537465732562,0.0975,0.01,attention,neardraw_d4_s42,neardraw,662,74,142,42
mean,0.821403458627124,0.7026052771855011,0.095,0.01,attention,neardraw_d5_s42,neardraw,662,74,142,42
mean,0.8176532623157269,0.6987277261650928,0.1940306122448979,0.01,attention,neardraw_d6_s42,neardraw,662,74,142,42
mean,0.8188511630855855,0.7069802771855012,0.1225,0.01,attention,neardraw_d7_s42,neardraw,662,74,142,42
mean,0.8137138838695307,0.6968458726774291,0.2205867346938775,0.01,attention,neardraw_d8_s42,neardraw,662,74,142,42
mean,0.8125583012634235,0.6936860341151385,0.1803826530612244,0.01,attention,neardraw_d9_s42,neardraw,662,74,142,42
mean,0.7422455605149416,0.7374202778126175,0.2173979591836734,0.01,linear_then_max,far_s101,far,662,74,142,101
mean,0.6323501723749042,0.6297054904051173,0.0,0.01,linear_then_max,far_s202,far,662,74,142,202
mean,0.7054996014367667,0.704650068982817,0.1275510204081632,0.01,linear_then_max,far_s303,far,662,74,142,303
mean,0.7422017652481318,0.7357987784666105,0.1709183673469387,0.01,linear_then_max,far_s404,far,662,74,142,404
mean,0.7039425951480879,0.6989597928723729,0.0,0.01,linear_then_max,far_s42,far,662,74,142,42
mean,0.7438246170042979,0.7340004322624573,0.1556122448979592,0.01,linear_then_max,far_s505,far,662,74,142,505
mean,0.5,0.5,0.0,0.01,linear_then_max,far_s606,far,662,74,142,606
mean,0.7515001082390667,0.7468595012631919,0.1556122448979592,0.01,linear_then_max,far_s707,far,662,74,142,707
mean,0.6563294507390576,0.6531313607532565,0.1119447779111644,0.01,linear_then_max,far_s808,far,662,74,142,808
mean,0.6387112004673392,0.6354596652093673,0.0,0.01,linear_then_max,far_s909,far,662,74,142,909
mean,0.7080737972229366,0.7048100844815538,0.1454081632653061,0.01,linear_then_max,full_s101,full,736,0,142,101
mean,0.635896682683921,0.633608551629607,0.0,0.01,linear_then_max,full_s202,full,736,0,142,202
mean,0.4969466032681729,0.5,0.0,0.01,linear_then_max,full_s303,full,736,0,142,303
mean,0.6627402878423068,0.6579511655408432,0.0688775510204081,0.01,linear_then_max,full_s404,full,736,0,142,404
mean,0.6836309388686076,0.6809847521097991,0.0,0.01,linear_then_max,full_s42,full,736,0,142,42
mean,0.4969466032681729,0.5,0.0,0.01,linear_then_max,full_s505,full,736,0,142,505
mean,0.764198071549304,0.7593935447313254,0.0,0.01,linear_then_max,full_s606,full,736,0,142,606
mean,0.7430474388758963,0.7409988846284783,0.135204081632653,0.01,linear_then_max,full_s707,full,736,0,142,707
mean,0.7458341832849326,0.7396294861228074,0.2756122448979592,0.01,linear_then_max,full_s808,full,736,0,142,808
mean,0.7001175844392704,0.6933208619268604,0.0,0.01,linear_then_max,full_s909,full,736,0,142,909
mean,0.7943311849166724,0.7861829321280751,0.0,0.01,linear_then_max,neardraw_d0_s42,neardraw,662,74,142,42
mean,0.685579342423847,0.6823449454408629,0.13,0.01,linear_then_max,neardraw_d1_s42,neardraw,662,74,142,42
mean,0.708703214514651,0.7002868722115712,0.1607142857142857,0.01,linear_then_max,neardraw_d2_s42,neardraw,662,74,142,42
mean,0.7263214499410359,0.7218304411316765,0.1301020408163265,0.01,linear_then_max,neardraw_d3_s42,neardraw,662,74,142,42
mean,0.6422953108132565,0.6403119792693197,0.0,0.01,linear_then_max,neardraw_d4_s42,neardraw,662,74,142,42
mean,0.7124456172271432,0.7111172080772608,0.0073529411764705,0.01,linear_then_max,neardraw_d5_s42,neardraw,662,74,142,42
mean,0.6512032971612184,0.6430787389582698,0.0,0.01,linear_then_max,neardraw_d6_s42,neardraw,662,74,142,42
mean,0.8147415520745238,0.8060451008761713,0.1683673469387755,0.01,linear_then_max,neardraw_d7_s42,neardraw,662,74,142,42
mean,0.7034401947389309,0.701447788070452,0.0,0.01,linear_then_max,neardraw_d8_s42,neardraw,662,74,142,42
mean,0.6757406843698195,0.6692224203114081,0.0,0.01,linear_then_max,neardraw_d9_s42,neardraw,662,74,142,42
mean,0.7782484312778633,0.6833406720897315,0.0,0.01,linear_then_mean,far_s101,far,662,74,142,101
mean,0.7770760718641856,0.6776229596316139,0.0980102040816326,0.01,linear_then_mean,far_s202,far,662,74,142,202
mean,0.7805743841939792,0.6794979596316139,0.1094642857142857,0.01,linear_then_mean,far_s303,far,662,74,142,303
mean,0.7734024491946053,0.6750351745175682,0.0725,0.01,linear_then_mean,far_s404,far,662,74,142,404
mean,0.7742936855650305,0.6732317777857412,0.1215681272509003,0.01,linear_then_mean,far_s42,far,662,74,142,42
mean,0.7735729896784214,0.673796429019369,0.0946323529411764,0.01,linear_then_mean,far_s505,far,662,74,142,505
mean,0.7756082352952669,0.6775881210693231,0.0725,0.01,linear_then_mean,far_s606,far,662,74,142,606
mean,0.7754166344139144,0.6763636312734048,0.0908823529411764,0.01,linear_then_mean,far_s707,far,662,74,142,707
mean,0.771393868836761,0.6681110802529967,0.1005612244897959,0.01,linear_then_mean,far_s808,far,662,74,142,808
mean,0.7787196333027525,0.6913024314203293,0.07375,0.01,linear_then_mean,far_s909,far,662,74,142,909
mean,0.7766228183797919,0.6750626108652416,0.0,0.01,linear_then_mean,full_s101,full,736,0,142,101
mean,0.7751886685239595,0.6687218245507158,0.07875,0.01,linear_then_mean,full_s202,full,736,0,142,202
mean,0.7695824967282495,0.6750022620988695,0.075,0.01,linear_then_mean,full_s303,full,736,0,142,303
mean,0.7744197633107752,0.6737615904570783,0.0,0.01,linear_then_mean,full_s404,full,736,0,142,404
mean,0.7746145856179792,0.683219974556987,0.07625,0.01,linear_then_mean,full_s42,full,736,0,142,42
mean,0.7729679593370333,0.6738842141334146,0.08375,0.01,linear_then_mean,full_s505,full,736,0,142,505
mean,0.7755220252089188,0.6813381210693232,0.1143622448979591,0.01,linear_then_mean,full_s606,full,736,0,142,606
mean,0.7694799732482314,0.6737267518947878,0.07875,0.01,linear_then_mean,full_s707,full,736,0,142,707
mean,0.7739523609314772,0.6731017518947877,0.0,0.01,linear_then_mean,full_s808,full,736,0,142,808
mean,0.7732026324033374,0.6768679337406606,0.07875,0.01,linear_then_mean,full_s909,full,736,0,142,909
mean,0.7748456518563074,0.6813891414774865,0.07875,0.01,linear_then_mean,neardraw_d0_s42,neardraw,662,74,142,42
mean,0.7780506901198128,0.679539651681568,0.1029591836734693,0.01,linear_then_mean,neardraw_d1_s42,neardraw,662,74,142,42
mean,0.782989687857971,0.6825439541488237,0.07875,0.01,linear_then_mean,neardraw_d2_s42,neardraw,662,74,142,42
mean,0.7716255836684853,0.6819189541488238,0.1131632653061224,0.01,linear_then_mean,neardraw_d3_s42,neardraw,662,74,142,42
mean,0.773224631564871,0.6744208802924154,0.0,0.01,linear_then_mean,neardraw_d4_s42,neardraw,662,74,142,42
mean,0.780485124373631,0.6757224494275322,0.0775,0.01,linear_then_mean,neardraw_d5_s42,neardraw,662,74,142,42
mean,0.7752430569861027,0.6718448984071241,0.0,0.01,linear_then_mean,neardraw_d6_s42,neardraw,662,74,142,42
mean,0.7765003794266632,0.6889656720897315,0.0204081632653061,0.01,linear_then_mean,neardraw_d7_s42,neardraw,662,74,142,42
mean,0.7750006556935033,0.680090047212915,0.07375,0.01,linear_then_mean,neardraw_d8_s42,neardraw,662,74,142,42
mean,0.7788005240130358,0.6707175220834602,0.08125,0.01,linear_then_mean,neardraw_d9_s42,neardraw,662,74,142,42
mean,0.7608559457320089,0.7455349191915572,0.135204081632653,0.01,linear_then_rolling_max,far_s101,far,662,74,142,101
mean,0.818062287925605,0.7567409762412428,0.2897838239773521,0.01,linear_then_rolling_max,far_s202,far,662,74,142,202
mean,0.8341592663668687,0.7733668542043683,0.4881122448979592,0.01,linear_then_rolling_max,far_s303,far,662,74,142,303
mean,0.7835477840534677,0.7730987954883446,0.4054141656662665,0.01,linear_then_rolling_max,far_s404,far,662,74,142,404
mean,0.8393097737869597,0.758528191127197,0.4620636836824282,0.01,linear_then_rolling_max,far_s42,far,662,74,142,42
mean,0.7830327048486283,0.7569072405081436,0.2707082833133253,0.01,linear_then_rolling_max,far_s505,far,662,74,142,505
mean,0.8220706408093735,0.784000331475874,0.4312379951980792,0.01,linear_then_rolling_max,far_s606,far,662,74,142,606
mean,0.8335976735203209,0.7665933686907599,0.3592091836734694,0.01,linear_then_rolling_max,far_s707,far,662,74,142,707
mean,0.7858168979477347,0.7606586179247818,0.1556122448979592,0.01,linear_then_rolling_max,far_s808,far,662,74,142,808
mean,0.8108962059124639,0.7748406900073463,0.3027941176470588,0.01,linear_then_rolling_max,far_s909,far,662,74,142,909
mean,0.771970733288344,0.7548819341169304,0.1377551020408163,0.01,linear_then_rolling_max,full_s101,full,736,0,142,101
mean,0.848384298751102,0.777333287792729,0.4803301320528211,0.01,linear_then_rolling_max,full_s202,full,736,0,142,202
mean,0.8339334243427823,0.781416096289262,0.4671053421368547,0.01,linear_then_rolling_max,full_s303,full,736,0,142,303
mean,0.7744213348264646,0.7531630189389189,0.2384453781512605,0.01,linear_then_rolling_max,full_s404,full,736,0,142,404
mean,0.809913424571753,0.7715203880059486,0.3004951980792317,0.01,linear_then_rolling_max,full_s42,full,736,0,142,42
mean,0.7707847580896316,0.760093966691154,0.1683673469387755,0.01,linear_then_rolling_max,full_s505,full,736,0,142,505
mean,0.7734809341643629,0.744990850817939,0.1581632653061224,0.01,linear_then_rolling_max,full_s606,full,736,0,142,606
mean,0.799614281387254,0.7708380404400565,0.4563669572306534,0.01,linear_then_rolling_max,full_s707,full,736,0,142,707
mean,0.8194011349300129,0.7654097422551109,0.400421668667467,0.01,linear_then_rolling_max,full_s808,full,736,0,142,808
mean,0.8102976438970836,0.7874825751196001,0.3002430972388955,0.01,linear_then_rolling_max,full_s909,full,736,0,142,909
mean,0.7852773730002001,0.7568320873125369,0.1479591836734693,0.01,linear_then_rolling_max,neardraw_d0_s42,neardraw,662,74,142,42
mean,0.5477979407134991,0.5,0.0,0.01,linear_then_rolling_max,neardraw_d1_s42,neardraw,662,74,142,42
mean,0.8181594973375276,0.7745831130959846,0.0765306122448979,0.01,linear_then_rolling_max,neardraw_d2_s42,neardraw,662,74,142,42
mean,0.7981835464540823,0.7800914918206089,0.2403961584633853,0.01,linear_then_rolling_max,neardraw_d3_s42,neardraw,662,74,142,42
mean,0.799091495597274,0.7726156246080521,0.2336434573829531,0.01,linear_then_rolling_max,neardraw_d4_s42,neardraw,662,74,142,42
mean,0.7964749522525831,0.7566602909820644,0.1744897959183673,0.01,linear_then_rolling_max,neardraw_d5_s42,neardraw,662,74,142,42
mean,0.7809242995283241,0.7728258654207951,0.1554599451720986,0.01,linear_then_rolling_max,neardraw_d6_s42,neardraw,662,74,142,42
mean,0.74864321462435,0.7156230290623713,0.1479591836734693,0.01,linear_then_rolling_max,neardraw_d7_s42,neardraw,662,74,142,42
mean,0.8160716316518822,0.7759444822705202,0.1071428571428571,0.01,linear_then_rolling_max,neardraw_d8_s42,neardraw,662,74,142,42
mean,0.7932211005440076,0.780015487538299,0.268157262905162,0.01,linear_then_rolling_max,neardraw_d9_s42,neardraw,662,74,142,42
mean,0.8877395940671522,0.7205776639013814,0.5149564825930372,0.01,linear_then_softmax,far_s101,far,662,74,142,101
mean,0.8651763843610052,0.7162309513357582,0.4125795318127251,0.01,linear_then_softmax,far_s202,far,662,74,142,202
mean,0.8787609530086166,0.7263859387038397,0.4668397358943577,0.01,linear_then_softmax,far_s303,far,662,74,142,303
mean,0.879955471716887,0.7440442520291699,0.4690441176470588,0.01,linear_then_softmax,far_s404,far,662,74,142,404
mean,0.8939688209313599,0.7380916956334773,0.4760459183673469,0.01,linear_then_softmax,far_s42,far,662,74,142,42
mean,0.8851115781487107,0.7319207011162674,0.481623649459784,0.01,linear_then_softmax,far_s505,far,662,74,142,505
mean,0.8858449532959256,0.7289136998082815,0.4829171668667467,0.01,linear_then_softmax,far_s606,far,662,74,142,606
mean,0.873929609305719,0.70005888176166,0.3942091836734693,0.01,linear_then_softmax,far_s707,far,662,74,142,707
mean,0.901477717708828,0.7558155090394366,0.5554711884753901,0.01,linear_then_softmax,far_s808,far,662,74,142,808
mean,0.8884972696661768,0.7291241085986633,0.4732412965186074,0.01,linear_then_softmax,far_s909,far,662,74,142,909
mean,0.89679312631814,0.7393304411316765,0.2898469387755102,0.01,linear_then_softmax,full_s101,full,736,0,142,101
mean,0.8764872770982,0.7435715405565211,0.4075405162064826,0.01,linear_then_softmax,full_s202,full,736,0,142,202
mean,0.8780339821161944,0.7299010947662647,0.4385249099639856,0.01,linear_then_softmax,full_s303,full,736,0,142,303
mean,0.8739617624356404,0.7352177214169251,0.4828511404561825,0.01,linear_then_softmax,full_s404,full,736,0,142,404
mean,0.8873702224480123,0.733409397341026,0.4930492196878751,0.01,linear_then_softmax,full_s42,full,736,0,142,42
mean,0.8693329684695623,0.7203826642597337,0.3272629051620648,0.01,linear_then_softmax,full_s505,full,736,0,142,505
mean,0.901917188855357,0.7451529716364158,0.4835909363745498,0.01,linear_then_softmax,full_s606,full,736,0,142,606
mean,0.8891236092511352,0.7452284271917722,0.5174834933973589,0.01,linear_then_softmax,full_s707,full,736,0,142,707
mean,0.8907976421173109,0.722988255003494,0.4658088235294118,0.01,linear_then_softmax,full_s808,full,736,0,142,808
mean,0.8628290837750163,0.7152520112522621,0.3743037214885955,0.01,linear_then_softmax,full_s909,full,736,0,142,909
mean,0.8767268621440473,0.7304034710899285,0.4700975390156062,0.01,linear_then_softmax,neardraw_d0_s42,neardraw,662,74,142,42
mean,0.8784489499345169,0.7059042460267688,0.4485024009603841,0.01,linear_then_softmax,neardraw_d1_s42,neardraw,662,74,142,42
mean,0.8929503305998244,0.774526571822759,0.5091596638655462,0.01,linear_then_softmax,neardraw_d2_s42,neardraw,662,74,142,42
mean,0.8941043522702241,0.7346388144810163,0.4792301920768307,0.01,linear_then_softmax,neardraw_d3_s42,neardraw,662,74,142,42
mean,0.8935602503117479,0.7773119098385624,0.5543967587034814,0.01,linear_then_softmax,neardraw_d4_s42,neardraw,662,74,142,42
mean,0.8568005990406722,0.6914559405851893,0.2926020408163265,0.01,linear_then_softmax,neardraw_d5_s42,neardraw,662,74,142,42
mean,0.8803836004071379,0.7142851991542886,0.4530327130852341,0.01,linear_then_softmax,neardraw_d6_s42,neardraw,662,74,142,42
mean,0.8912824729418671,0.7477539373958539,0.5055042016806723,0.01,linear_then_softmax,neardraw_d7_s42,neardraw,662,74,142,42
mean,0.8780795159418304,0.7027534334629374,0.4983493397358943,0.01,linear_then_softmax,neardraw_d8_s42,neardraw,662,74,142,42
mean,0.8801634291929195,0.723474449481285,0.5519417767106842,0.01,linear_then_softmax,neardraw_d9_s42,neardraw,662,74,142,42
