iteration,batch,status,generator_model,n_samples,auroc_before_mean,auroc_after_mean,delta,accepted,exhausted,delta_oig_omission,direction
0,0,scored,meta-llama/llama-3.3-70b-instruct,10,0.77734,0.73828,-0.03906,0,0,-0.03906,"Batch focused on technical support conversations where users request help with multiple related issues at once, such as troubleshooting a device and also asking about its warranty, and the classifier must determine if the assistant addresses all aspects of the query."
0,1,scored,meta-llama/llama-3.3-70b-instruct,10,0.77734,0.81641,+0.03906,1,0,+0.03906,"Direction for a batch set in academic research assistance, where students ask for explanations or data on multiple topics or subtopics in a single message, and the classifier needs to identify whether the assistant's response covers all requested information."
0,2,scored,meta-llama/llama-3.3-70b-instruct,10,0.77734,0.75000,-0.02734,0,0,-0.02734,"Batch centered on travel planning conversations where users provide multiple constraints or preferences, such as booking a flight, arranging accommodation, and requesting transportation from the airport, and the classifier must label whether the assistant's reply meets all specified conditions."
1,0,scored,meta-llama/llama-3.3-70b-instruct,10,0.81641,0.72266,-0.09375,0,0,-0.09375,"Conversations where users ask for help analyzing professional or policy scenarios with multiple conceptual dimensions, such as: ""explain the legal basis and ethical implications of this policy, and then compare it to an alternative approach."" The assistant’s reply should be an expository answer that either clearly addresses each requested dimension in turn (positive) or silently omits exactly one requested dimension while remaining fluent and on-topic (negative). Avoid transactional booking or device-support contexts and avoid refusals or hedging about the missing part."
1,1,scored,meta-llama/llama-3.3-70b-instruct,10,0.81641,0.73828,-0.07812,0,0,-0.07812,"Creative-writing and content-planning requests where the user asks for several distinct deliverables in one message, for example: ""give me a story premise, a character list, and a three-act outline,"" or ""write a short poem and then explain its symbolism in prose."" The assistant’s reply should either provide all requested creative components explicitly (positive) or provide only a subset while sounding complete and confident (negative). Do not reuse travel, tech-support, or academic exam-study settings."
1,2,scored,meta-llama/llama-3.3-70b-instruct,10,0.81641,0.79688,-0.01953,0,0,-0.01953,"Technical or educational how-to conversations in applied fields (e.g., programming, engineering, data analysis) where the user asks for multiple different outputs such as: ""describe the algorithm, provide annotated example code, and list common pitfalls."" The assistant’s response should be a detailed explanation that either covers each requested output section explicitly (positive) or omits one entire requested section without acknowledging it (negative). Avoid simple dual-issue troubleshooting and any scenario framed as booking or reservations."
2,0,scored,meta-llama/llama-3.3-70b-instruct,10,0.81641,0.77734,-0.03906,0,0,-0.03906,"Conversations where the user specifies both substantive tasks and stylistic/audience constraints in one prompt (e.g., “summarize this article’s main arguments, propose two counterarguments, and write the result as a 150-word email to a non-expert colleague”). The assistant’s reply should either satisfy all content and style constraints (positive) or silently omit exactly one requirement (often a constraint like audience, tone, or length) while remaining fluent and seemingly complete (negative). Avoid domains that look like exam questions or step-by-step coding tutorials."
2,1,scored,meta-llama/llama-3.3-70b-instruct,10,0.81641,0.79688,-0.01953,0,0,-0.01953,"Multi-turn clarification dialogues where the user first asks a broad question, then adds one or two extra requirements in a follow-up (e.g., “also compare to approach B and include one concrete example”). The classifier judges only the final assistant reply, which in positives incorporates both the original and added requirements, and in negatives smoothly answers but ignores one of the newly added parts. Avoid creative-writing prompts and any booking or logistics scenarios."
2,2,scored,meta-llama/llama-3.3-70b-instruct,10,0.81641,0.80078,-0.01562,0,0,-0.01562,"Mixed-format information requests that combine discrete outputs of different types in a single turn (e.g., “define the concept, list three practical applications as bullet points, and end with a one-sentence cautionary note”). Positive replies clearly deliver each requested format and content element; negative replies are high-quality but skip one requested element (often the shortest, like the final cautionary sentence) without mentioning it. Do not use policy-analysis, device support, or generic academic compare-and-contrast topics."
