samples,base,n,draw,n_pos,n_neg,n_training_rows,dev_mean,eval_mean,dev_ai_dilemmas,dev_ant_hh,dev_balanced_refusal,dev_daily_dilemmas,eval_ai_dilemmas,eval_ant_hh,eval_balanced_refusal,eval_daily_dilemmas,seconds
hu_harm_gptoss_600.jsonl,hu_harm_gptoss_50.jsonl,100,0,50,50,150,0.88995,0.8859,0.99055,0.66012,0.91279,0.99633,0.97902,0.72299,0.85917,0.9824,32.1
hu_harm_gptoss_600.jsonl,hu_harm_gptoss_50.jsonl,100,1,50,50,150,0.91788,0.89355,1.0,0.75413,0.92014,0.99725,0.99427,0.72477,0.86988,0.98527,25.7
hu_harm_gptoss_600.jsonl,hu_harm_gptoss_50.jsonl,100,2,50,50,150,0.88531,0.87494,0.99433,0.63843,0.91123,0.99725,0.98389,0.67086,0.8645,0.98053,21.2
hu_harm_gptoss_600.jsonl,hu_harm_gptoss_50.jsonl,100,3,50,50,150,0.90549,0.88048,0.99055,0.72004,0.9178,0.99357,0.97946,0.69492,0.86984,0.97772,17.7
hu_harm_gptoss_600.jsonl,hu_harm_gptoss_50.jsonl,100,4,50,50,150,0.92356,0.89017,0.9896,0.80888,0.89942,0.99633,0.98346,0.74649,0.84702,0.9837,19.4
hu_harm_gptoss_600.jsonl,hu_harm_gptoss_50.jsonl,100,5,50,50,150,0.92521,0.89878,0.99622,0.7686,0.93785,0.99816,0.99103,0.73179,0.88333,0.98896,19.7
hu_harm_gptoss_600.jsonl,hu_harm_gptoss_50.jsonl,100,6,50,50,150,0.90703,0.88892,1.0,0.71591,0.9168,0.99541,0.9933,0.70728,0.87102,0.98407,19.8
hu_harm_gptoss_600.jsonl,hu_harm_gptoss_50.jsonl,100,7,50,50,150,0.89986,0.89001,1.0,0.67665,0.92738,0.99541,0.99221,0.69793,0.8889,0.981,17.1
hu_harm_gptoss_600.jsonl,hu_harm_gptoss_50.jsonl,200,0,100,100,250,0.91097,0.88264,0.98677,0.7593,0.89964,0.99816,0.97329,0.73134,0.84621,0.9797,40.5
hu_harm_gptoss_600.jsonl,hu_harm_gptoss_50.jsonl,200,1,100,100,250,0.91624,0.89349,1.0,0.74587,0.92003,0.99908,0.99546,0.72221,0.87239,0.98391,20.4
hu_harm_gptoss_600.jsonl,hu_harm_gptoss_50.jsonl,200,2,100,100,250,0.92252,0.89013,1.0,0.77169,0.92114,0.99725,0.98832,0.71419,0.87366,0.98433,20.3
hu_harm_gptoss_600.jsonl,hu_harm_gptoss_50.jsonl,200,3,100,100,250,0.90498,0.88755,0.99433,0.71384,0.91357,0.99816,0.98389,0.71753,0.86544,0.98334,20.0
hu_harm_gptoss_600.jsonl,hu_harm_gptoss_50.jsonl,200,4,100,100,250,0.90208,0.87728,0.9603,0.75723,0.89263,0.99816,0.95383,0.72254,0.84952,0.98324,19.4
hu_harm_gptoss_600.jsonl,hu_harm_gptoss_50.jsonl,200,5,100,100,250,0.90957,0.87749,0.95936,0.80579,0.88093,0.99219,0.94669,0.74393,0.8335,0.98584,19.1
hu_harm_gptoss_600.jsonl,hu_harm_gptoss_50.jsonl,200,6,100,100,250,0.91597,0.89199,1.0,0.74897,0.91769,0.99725,0.9934,0.71909,0.86999,0.98547,19.3
hu_harm_gptoss_600.jsonl,hu_harm_gptoss_50.jsonl,200,7,100,100,250,0.89056,0.85966,0.90643,0.80992,0.85509,0.99082,0.90128,0.73313,0.82542,0.97881,18.8
hu_harm_gptoss_600.jsonl,hu_harm_gptoss_50.jsonl,300,0,150,150,350,0.90112,0.87147,0.95652,0.77066,0.88282,0.99449,0.94821,0.72355,0.83601,0.97813,21.6
hu_harm_gptoss_600.jsonl,hu_harm_gptoss_50.jsonl,300,1,150,150,350,0.90967,0.88658,0.97353,0.78616,0.88494,0.99403,0.96821,0.75262,0.83946,0.98605,20.9
hu_harm_gptoss_600.jsonl,hu_harm_gptoss_50.jsonl,300,2,150,150,350,0.89691,0.88477,0.99811,0.68905,0.90599,0.99449,0.98529,0.70595,0.86423,0.9836,20.2
hu_harm_gptoss_600.jsonl,hu_harm_gptoss_50.jsonl,300,3,150,150,350,0.88705,0.88145,0.99527,0.67872,0.87881,0.99541,0.97708,0.73179,0.83266,0.98428,20.4
hu_harm_gptoss_600.jsonl,hu_harm_gptoss_50.jsonl,300,4,150,150,350,0.89516,0.88488,0.99622,0.69835,0.88973,0.99633,0.98573,0.73012,0.83976,0.98391,21.2
hu_harm_gptoss_600.jsonl,hu_harm_gptoss_50.jsonl,300,5,150,150,350,0.88512,0.88133,0.99811,0.6405,0.90187,1.0,0.99232,0.69759,0.85104,0.98438,21.3
hu_harm_gptoss_600.jsonl,hu_harm_gptoss_50.jsonl,300,6,150,150,350,0.91383,0.88491,0.98582,0.77686,0.89541,0.99725,0.97827,0.73012,0.8441,0.98714,22.2
hu_harm_gptoss_600.jsonl,hu_harm_gptoss_50.jsonl,300,7,150,150,350,0.91612,0.88169,1.0,0.78616,0.87926,0.99908,0.9894,0.72355,0.82749,0.98631,44.7
hu_harm_gptoss_600.jsonl,hu_harm_gptoss_50.jsonl,400,0,200,200,450,0.90343,0.86792,0.95085,0.77789,0.89185,0.99311,0.92993,0.72009,0.84332,0.97834,24.6
hu_harm_gptoss_600.jsonl,hu_harm_gptoss_50.jsonl,400,1,200,200,450,0.91237,0.8916,1.0,0.74277,0.90855,0.99816,0.99113,0.7153,0.8696,0.99037,23.5
hu_harm_gptoss_600.jsonl,hu_harm_gptoss_50.jsonl,400,2,200,200,450,0.91867,0.89109,1.0,0.77583,0.90343,0.99541,0.99265,0.72488,0.85913,0.98771,34.9
hu_harm_gptoss_600.jsonl,hu_harm_gptoss_50.jsonl,400,3,200,200,450,0.92183,0.88953,0.99622,0.80682,0.88795,0.99633,0.98594,0.74126,0.84346,0.98745,24.6
hu_harm_gptoss_600.jsonl,hu_harm_gptoss_50.jsonl,400,4,200,200,450,0.92922,0.8927,1.0,0.80165,0.91891,0.99633,0.99027,0.72232,0.87251,0.98568,24.1
hu_harm_gptoss_600.jsonl,hu_harm_gptoss_50.jsonl,400,5,200,200,450,0.81514,0.81396,0.72684,0.75103,0.83916,0.94353,0.74048,0.73168,0.82585,0.95783,24.7
hu_harm_gptoss_600.jsonl,hu_harm_gptoss_50.jsonl,400,6,200,200,450,0.90139,0.88978,1.0,0.70351,0.90299,0.99908,0.98735,0.73079,0.85425,0.98672,24.3
hu_harm_gptoss_600.jsonl,hu_harm_gptoss_50.jsonl,400,7,200,200,450,0.88268,0.85174,0.88658,0.79545,0.86244,0.98623,0.86905,0.7427,0.82073,0.97449,24.2
hu_harm_gptoss_600.jsonl,hu_harm_gptoss_50.jsonl,500,0,250,250,550,0.91218,0.89715,1.0,0.7345,0.91423,1.0,0.99622,0.73246,0.87415,0.98579,29.2
hu_harm_gptoss_600.jsonl,hu_harm_gptoss_50.jsonl,500,1,250,250,550,0.91339,0.88043,1.0,0.73554,0.91802,1.0,0.98724,0.69024,0.85849,0.98574,26.6
hu_harm_gptoss_600.jsonl,hu_harm_gptoss_50.jsonl,500,2,250,250,550,0.92321,0.88322,0.99055,0.82231,0.88271,0.99725,0.96086,0.75796,0.83156,0.98251,26.2
hu_harm_gptoss_600.jsonl,hu_harm_gptoss_50.jsonl,500,3,250,250,550,0.89814,0.86552,0.95936,0.77686,0.86278,0.99357,0.92647,0.729,0.8265,0.98011,26.6
hu_harm_gptoss_600.jsonl,hu_harm_gptoss_50.jsonl,500,4,250,250,550,0.92259,0.89668,1.0,0.77273,0.91947,0.99816,0.99676,0.72277,0.87859,0.9886,25.1
hu_harm_gptoss_600.jsonl,hu_harm_gptoss_50.jsonl,500,5,250,250,550,0.91042,0.88649,1.0,0.7345,0.909,0.99816,0.99211,0.71831,0.85435,0.98121,25.4
hu_harm_gptoss_600.jsonl,hu_harm_gptoss_50.jsonl,500,6,250,250,550,0.91035,0.88284,0.98866,0.77376,0.8845,0.99449,0.97751,0.73001,0.83932,0.98454,25.8
hu_harm_gptoss_600.jsonl,hu_harm_gptoss_50.jsonl,500,7,250,250,550,0.90919,0.8906,1.0,0.7376,0.90466,0.99449,0.98681,0.71675,0.87091,0.98792,26.2
hu_harm_deepseekv4pro_600.jsonl,hu_harm_deepseekv4pro_50.jsonl,100,0,50,50,150,0.8867,0.87811,1.0,0.65289,0.91869,0.97521,0.99589,0.6575,0.87406,0.98501,25.3
hu_harm_deepseekv4pro_600.jsonl,hu_harm_deepseekv4pro_50.jsonl,100,1,50,50,150,0.8834,0.87758,1.0,0.61157,0.94041,0.98163,0.99762,0.63856,0.895,0.97912,20.1
hu_harm_deepseekv4pro_600.jsonl,hu_harm_deepseekv4pro_50.jsonl,100,2,50,50,150,0.9009,0.88981,1.0,0.66942,0.93785,0.99633,0.9987,0.66908,0.91234,0.97912,26.3
hu_harm_deepseekv4pro_600.jsonl,hu_harm_deepseekv4pro_50.jsonl,100,3,50,50,150,0.90431,0.8901,1.0,0.69112,0.9344,0.99174,0.99665,0.68479,0.89781,0.98115,19.0
hu_harm_deepseekv4pro_600.jsonl,hu_harm_deepseekv4pro_50.jsonl,100,4,50,50,150,0.90345,0.88771,1.0,0.67665,0.94264,0.99449,0.99686,0.65917,0.91158,0.98324,31.9
hu_harm_deepseekv4pro_600.jsonl,hu_harm_deepseekv4pro_50.jsonl,100,5,50,50,150,0.89166,0.88364,1.0,0.65599,0.91891,0.99174,0.99708,0.67933,0.87816,0.98001,17.2
hu_harm_deepseekv4pro_600.jsonl,hu_harm_deepseekv4pro_50.jsonl,100,6,50,50,150,0.9058,0.8956,1.0,0.68285,0.94676,0.99357,0.99784,0.68245,0.92263,0.97949,17.8
hu_harm_deepseekv4pro_600.jsonl,hu_harm_deepseekv4pro_50.jsonl,100,7,50,50,150,0.92076,0.90383,1.0,0.73864,0.94899,0.99541,0.9974,0.71464,0.91921,0.98407,20.2
hu_harm_deepseekv4pro_600.jsonl,hu_harm_deepseekv4pro_50.jsonl,200,0,100,100,250,0.91616,0.90185,1.0,0.73967,0.9305,0.99449,0.99935,0.72232,0.90264,0.98308,19.5
hu_harm_deepseekv4pro_600.jsonl,hu_harm_deepseekv4pro_50.jsonl,200,1,100,100,250,0.92907,0.90268,1.0,0.78202,0.93885,0.99541,0.9974,0.72466,0.90035,0.98829,20.1
hu_harm_deepseekv4pro_600.jsonl,hu_harm_deepseekv4pro_50.jsonl,200,2,100,100,250,0.90314,0.88907,1.0,0.70145,0.91847,0.99265,0.99643,0.69893,0.87476,0.98615,19.0
hu_harm_deepseekv4pro_600.jsonl,hu_harm_deepseekv4pro_50.jsonl,200,3,100,100,250,0.90266,0.8911,1.0,0.70041,0.94787,0.96235,0.99838,0.67755,0.91114,0.97735,36.2
hu_harm_deepseekv4pro_600.jsonl,hu_harm_deepseekv4pro_50.jsonl,200,4,100,100,250,0.91282,0.89591,0.99622,0.72521,0.93629,0.99357,0.99762,0.70985,0.89709,0.97907,24.0
hu_harm_deepseekv4pro_600.jsonl,hu_harm_deepseekv4pro_50.jsonl,200,5,100,100,250,0.8886,0.88064,1.0,0.64566,0.91702,0.99174,0.99686,0.66474,0.88076,0.98022,18.6
hu_harm_deepseekv4pro_600.jsonl,hu_harm_deepseekv4pro_50.jsonl,200,6,100,100,250,0.89363,0.87879,1.0,0.65909,0.92459,0.99082,0.9987,0.6526,0.88214,0.98173,31.0
hu_harm_deepseekv4pro_600.jsonl,hu_harm_deepseekv4pro_50.jsonl,200,7,100,100,250,0.92958,0.89865,1.0,0.79236,0.92871,0.99725,0.99751,0.71943,0.89451,0.98313,38.4
hu_harm_deepseekv4pro_600.jsonl,hu_harm_deepseekv4pro_50.jsonl,300,0,150,150,350,0.90538,0.89102,1.0,0.68285,0.94509,0.99357,0.99784,0.67298,0.90976,0.9835,23.4
hu_harm_deepseekv4pro_600.jsonl,hu_harm_deepseekv4pro_50.jsonl,300,1,150,150,350,0.9284,0.88862,1.0,0.80888,0.9139,0.99082,0.99773,0.69782,0.87906,0.97985,21.9
hu_harm_deepseekv4pro_600.jsonl,hu_harm_deepseekv4pro_50.jsonl,300,2,150,150,350,0.91534,0.89037,1.0,0.73037,0.9374,0.99357,0.99643,0.68701,0.89587,0.98214,21.7
hu_harm_deepseekv4pro_600.jsonl,hu_harm_deepseekv4pro_50.jsonl,300,3,150,150,350,0.91806,0.89406,1.0,0.76136,0.91546,0.99541,0.99795,0.7084,0.8785,0.99141,22.7
hu_harm_deepseekv4pro_600.jsonl,hu_harm_deepseekv4pro_50.jsonl,300,4,150,150,350,0.91512,0.8978,1.0,0.72727,0.93595,0.99725,0.99795,0.70862,0.90168,0.98298,24.5
hu_harm_deepseekv4pro_600.jsonl,hu_harm_deepseekv4pro_50.jsonl,300,5,150,150,350,0.90629,0.89378,0.99622,0.70558,0.92704,0.99633,0.99643,0.6986,0.89202,0.98808,38.1
hu_harm_deepseekv4pro_600.jsonl,hu_harm_deepseekv4pro_50.jsonl,300,6,150,150,350,0.90568,0.88829,1.0,0.70351,0.92381,0.99541,0.99686,0.68568,0.88498,0.98563,21.5
hu_harm_deepseekv4pro_600.jsonl,hu_harm_deepseekv4pro_50.jsonl,300,7,150,150,350,0.91776,0.90006,1.0,0.7345,0.9393,0.99725,1.0,0.6937,0.91407,0.99245,22.1
hu_harm_deepseekv4pro_600.jsonl,hu_harm_deepseekv4pro_50.jsonl,400,0,200,200,450,0.9208,0.89487,1.0,0.76653,0.92036,0.99633,0.99795,0.71029,0.8769,0.99433,22.4
hu_harm_deepseekv4pro_600.jsonl,hu_harm_deepseekv4pro_50.jsonl,400,1,200,200,450,0.91596,0.88388,1.0,0.75103,0.92014,0.99265,0.99784,0.67209,0.8788,0.98678,50.8
hu_harm_deepseekv4pro_600.jsonl,hu_harm_deepseekv4pro_50.jsonl,400,2,200,200,450,0.90278,0.88352,1.0,0.70764,0.90989,0.99357,0.99935,0.68679,0.8674,0.98053,24.8
hu_harm_deepseekv4pro_600.jsonl,hu_harm_deepseekv4pro_50.jsonl,400,3,200,200,450,0.90673,0.88235,1.0,0.72314,0.91022,0.99357,0.99632,0.68144,0.87055,0.9811,39.4
hu_harm_deepseekv4pro_600.jsonl,hu_harm_deepseekv4pro_50.jsonl,400,4,200,200,450,0.91647,0.89418,1.0,0.73657,0.93206,0.99725,0.99935,0.68245,0.9066,0.98834,50.9
hu_harm_deepseekv4pro_600.jsonl,hu_harm_deepseekv4pro_50.jsonl,400,5,200,200,450,0.90742,0.89135,1.0,0.70455,0.92972,0.99541,0.99762,0.69125,0.89295,0.9836,26.2
hu_harm_deepseekv4pro_600.jsonl,hu_harm_deepseekv4pro_50.jsonl,400,6,200,200,450,0.92334,0.89299,1.0,0.79545,0.90432,0.99357,0.99622,0.72321,0.86124,0.99131,22.8
hu_harm_deepseekv4pro_600.jsonl,hu_harm_deepseekv4pro_50.jsonl,400,7,200,200,450,0.93741,0.90238,1.0,0.80888,0.94442,0.99633,0.99622,0.72321,0.90123,0.98886,54.8
hu_harm_deepseekv4pro_600.jsonl,hu_harm_deepseekv4pro_50.jsonl,500,0,250,250,550,0.91478,0.89442,1.0,0.71178,0.9501,0.99725,0.99827,0.68623,0.90936,0.98381,52.2
hu_harm_deepseekv4pro_600.jsonl,hu_harm_deepseekv4pro_50.jsonl,500,1,250,250,550,0.92874,0.89449,1.0,0.79545,0.92593,0.99357,0.99957,0.69793,0.8936,0.98688,25.5
hu_harm_deepseekv4pro_600.jsonl,hu_harm_deepseekv4pro_50.jsonl,500,2,250,250,550,0.91447,0.89048,0.99811,0.74483,0.91769,0.99725,0.99719,0.69002,0.87933,0.99537,25.2
hu_harm_deepseekv4pro_600.jsonl,hu_harm_deepseekv4pro_50.jsonl,500,3,250,250,550,0.92125,0.89411,1.0,0.7624,0.92537,0.99725,0.99686,0.71419,0.87887,0.98652,54.8
hu_harm_deepseekv4pro_600.jsonl,hu_harm_deepseekv4pro_50.jsonl,500,4,250,250,550,0.89883,0.88407,1.0,0.67355,0.92682,0.99495,0.99849,0.66886,0.8865,0.98246,26.7
hu_harm_deepseekv4pro_600.jsonl,hu_harm_deepseekv4pro_50.jsonl,500,5,250,250,550,0.91047,0.88654,1.0,0.73554,0.91279,0.99357,0.99394,0.70595,0.86041,0.98584,44.5
hu_harm_deepseekv4pro_600.jsonl,hu_harm_deepseekv4pro_50.jsonl,500,6,250,250,550,0.89999,0.88318,1.0,0.71384,0.90722,0.97888,0.99589,0.68267,0.87057,0.9836,26.9
hu_harm_deepseekv4pro_600.jsonl,hu_harm_deepseekv4pro_50.jsonl,500,7,250,250,550,0.91135,0.89892,1.0,0.69731,0.9481,1.0,0.99827,0.69091,0.92217,0.98433,60.5
